product_id,order_id,product_name,quantity,order_date,order_time,unit_price,total_price,bazaar_location,selling_method,product_category,product_components
1,85951,QuesaBirria,2,8/13/2025,9:27:41 AM,99.5,199,Pre-Order,Online,Main,Birria
2,85951,Iced Tea,1,8/13/2025,9:27:41 AM,40,40,Pre-Order,Online,Beverage,Iced Tea
3,85952,QuesaBirria,2,8/13/2025,9:46:54 AM,99.5,199,Pre-Order,Online,Main,Birria
4,85953,QuesaBirria,2,8/13/2025,9:57:04 AM,99.5,199,Pre-Order,Online,Main,Birria
5,85954,QuesaBirria,2,8/13/2025,9:31:48 AM,99.5,199,Pre-Order,Online,Main,Birria
6,85955,QuesaBirria,2,8/13/2025,9:33:21 AM,99.5,199,Pre-Order,Online,Main,Birria
7,85955,Iced Tea,2,8/13/2025,9:33:21 AM,40,80,Pre-Order,Online,Beverage,Iced Tea
8,85956,QuesaBirria,4,8/13/2025,9:38:12 AM,99.5,398,Pre-Order,Online,Main,Birria
9,85957,QuesaBirria,1,8/13/2025,9:40:41 AM,110,110,Pre-Order,Online,Main,Birria
10,85958,QuesaBirria,2,8/13/2025,9:43:23 AM,99.5,199,Pre-Order,Online,Main,Birria
11,85959,QuesaBirria,2,8/13/2025,9:44:08 AM,99.5,199,Pre-Order,Online,Main,Birria
12,85960,QuesaBirria,1,8/13/2025,9:44:27 AM,110,110,Pre-Order,Online,Main,Birria
13,85960,Iced Tea,1,8/13/2025,9:44:27 AM,40,40,Pre-Order,Online,Beverage,Iced Tea
14,85961,QuesaBirria,2,8/13/2025,9:47:50 AM,99.5,199,Pre-Order,Online,Main,Birria
15,85962,QuesaBirria,1,8/13/2025,9:58:06 AM,110,110,Pre-Order,Online,Main,Birria
16,85963,QuesaBirria,2,8/13/2025,10:03:25 AM,99.5,199,Pre-Order,Online,Main,Birria
17,85964,Iced Tea,1,8/13/2025,10:22:55 AM,40,40,Pre-Order,Online,Beverage,Iced Tea
18,85965,QuesaBirria,2,8/13/2025,10:32:45 AM,99.5,199,Pre-Order,Online,Main,Birria
19,85966,Iced Tea,2,8/13/2025,10:52:46 AM,40,80,Pre-Order,Online,Beverage,Iced Tea
20,85966,QuesaBirria,2,8/13/2025,10:52:46 AM,99.5,199,Pre-Order,Online,Main,Birria
21,85967,QuesaBirria,4,8/13/2025,11:10:56 AM,99.5,398,Pre-Order,Online,Main,Birria
22,85967,Iced Tea,1,8/13/2025,11:10:56 AM,40,40,Pre-Order,Online,Beverage,Iced Tea
23,85968,QuesaBirria,4,8/13/2025,11:19:43 AM,99.5,398,Pre-Order,Online,Main,Birria
24,85969,QuesaBirria,1,8/13/2025,11:31:36 AM,110,110,Pre-Order,Online,Main,Birria
25,85970,QuesaBirria,2,8/13/2025,11:41:45 AM,99.5,199,Pre-Order,Online,Main,Birria
26,85971,QuesaBirria,1,8/13/2025,11:57:44 AM,110,110,Pre-Order,Online,Main,Birria
27,85972,QuesaBirria,2,8/13/2025,11:58:03 AM,99.5,199,Pre-Order,Online,Main,Birria
28,85973,QuesaBirria,2,8/13/2025,12:04:31 PM,99.5,199,Pre-Order,Online,Main,Birria
29,85973,Iced Tea,1,8/13/2025,12:04:31 PM,40,40,Pre-Order,Online,Beverage,Iced Tea
30,85974,Iced Tea,1,8/13/2025,12:05:04 PM,40,40,Pre-Order,Online,Beverage,Iced Tea
31,85975,QuesaBirria,2,8/13/2025,12:05:45 PM,99.5,199,Pre-Order,Online,Main,Birria
32,98517,QuesaBirria,2,8/20/2025,9:35:17 AM,99.5,199,UST Incubation Rm.419,Onsite,Main,Birria
33,98517,Iced Tea,1,8/20/2025,9:35:17 AM,40,40,UST Incubation Rm.419,Onsite,Beverage,Iced Tea
34,98518,QuesaBirria,2,8/20/2025,9:36:05 AM,99.5,199,UST Incubation Rm.419,Onsite,Main,Birria
35,98519,QuesaBirria,1,8/20/2025,9:36:17 AM,110,110,UST Incubation Rm.419,Onsite,Main,Birria
36,98520,Iced Tea,1,8/20/2025,9:36:29 AM,40,40,UST Incubation Rm.419,Onsite,Beverage,Iced Tea
37,98521,QuesaBirria,1,8/20/2025,9:36:44 AM,110,110,UST Incubation Rm.419,Onsite,Main,Birria
38,98522,QuesaBirria,2,8/20/2025,9:36:57 AM,99.5,199,UST Incubation Rm.419,Onsite,Main,Birria
39,98523,QuesaBirria,1,8/20/2025,9:44:53 AM,110,110,UST Incubation Rm.419,Onsite,Main,Birria
40,98524,QuesaBirria,2,8/20/2025,9:45:14 AM,99.5,159.2,UST Incubation Rm.419,Onsite,Main,Birria
41,98525,QuesaBirria,1,8/20/2025,9:47:24 AM,110,88,UST Incubation Rm.419,Onsite,Main,Birria
42,98526,QuesaBirria,2,8/20/2025,9:53:37 AM,99.5,159.2,UST Incubation Rm.419,Onsite,Main,Birria
43,98527,QuesaBirria,2,8/20/2025,9:56:52 AM,99.5,199,UST Incubation Rm.419,Onsite,Main,Birria
44,98527,Iced Tea,1,8/20/2025,9:56:52 AM,40,40,UST Incubation Rm.419,Onsite,Beverage,Iced Tea
45,98528,Iced Tea,1,8/20/2025,10:06:32 AM,40,40,UST Incubation Rm.419,Onsite,Beverage,Iced Tea
46,98528,QuesaBirria,4,8/20/2025,10:06:32 AM,99.5,398,UST Incubation Rm.419,Onsite,Main,Birria
47,98529,QuesaBirria,1,8/20/2025,10:22:16 AM,110,110,UST Incubation Rm.419,Onsite,Main,Birria
48,98530,QuesaBirria,1,8/20/2025,10:43:31 AM,110,110,UST Incubation Rm.419,Onsite,Main,Birria
49,98531,QuesaBirria,1,8/20/2025,10:43:45 AM,110,110,UST Incubation Rm.419,Onsite,Main,Birria
50,98532,QuesaBirria,2,8/20/2025,10:44:45 AM,99.5,199,UST Incubation Rm.419,Onsite,Main,Birria
51,98532,Iced Tea,1,8/20/2025,10:44:45 AM,40,40,UST Incubation Rm.419,Onsite,Beverage,Iced Tea
52,98533,QuesaBirria,2,8/20/2025,10:51:16 AM,99.5,199,UST Incubation Rm.419,Onsite,Main,Birria
53,98534,QuesaBirria,1,8/20/2025,10:53:37 AM,110,110,UST Incubation Rm.419,Onsite,Main,Birria
54,98534,QuesaBirria,2,8/20/2025,10:53:37 AM,99.5,199,UST Incubation Rm.419,Onsite,Main,Birria
55,98535,QuesaBirria,1,8/20/2025,10:58:13 AM,110,110,UST Incubation Rm.419,Onsite,Main,Birria
56,98536,QuesaBirria,2,8/20/2025,11:05:10 AM,99.5,199,UST Incubation Rm.419,Onsite,Main,Birria
57,98537,QuesaBirria,2,8/20/2025,11:06:03 AM,99.5,159.2,UST Incubation Rm.419,Onsite,Main,Birria
58,98538,QuesaBirria,2,8/20/2025,11:09:09 AM,99.5,199,UST Incubation Rm.419,Onsite,Main,Birria
59,98539,QuesaBirria,2,8/20/2025,11:12:04 AM,99.5,199,UST Incubation Rm.419,Onsite,Main,Birria
60,98540,QuesaBirria,2,8/20/2025,11:12:20 AM,99.5,199,UST Incubation Rm.419,Onsite,Main,Birria
61,97234,QuesaBirria,1,8/20/2025,11:20:57 AM,110,88,UST Incubation Rm.419,Onsite,Main,Birria
62,97235,QuesaBirria,2,8/20/2025,11:30:31 AM,99.5,159.2,UST Incubation Rm.419,Onsite,Main,Birria
63,97236,QuesaBirria,2,8/20/2025,11:33:27 AM,99.5,199,UST Incubation Rm.419,Onsite,Main,Birria
64,97237,QuesaBirria,2,8/20/2025,11:39:16 AM,99.5,199,UST Incubation Rm.419,Onsite,Main,Birria
65,97238,QuesaBirria,2,8/20/2025,11:57:44 AM,99.5,159.2,UST Incubation Rm.419,Onsite,Main,Birria
66,97239,QuesaBirria,1,8/20/2025,11:58:03 AM,110,110,UST Incubation Rm.419,Onsite,Main,Birria
67,97240,Iced Tea,1,8/20/2025,11:58:03 AM,40,40,UST Incubation Rm.419,Onsite,Beverage,Iced Tea
68,97241,Iced Tea,1,8/20/2025,11:58:11 AM,40,40,UST Incubation Rm.419,Onsite,Beverage,Iced Tea
69,97242,Iced Tea,1,8/20/2025,12:04:31 PM,40,40,UST Incubation Rm.419,Onsite,Beverage,Iced Tea
70,97243,QuesaBirria,2,8/20/2025,1:46:52 PM,99.5,199,UST Incubation Rm.419,Onsite,Main,Birria
71,97244,QuesaBirria,2,8/20/2025,10:16:10 PM,99.5,199,UST Incubation Rm.419,Onsite,Main,Birria
72,97245,QuesaBirria,1,8/20/2025,10:17:04 PM,110,110,UST Incubation Rm.419,Onsite,Main,Birria
73,97246,QuesaBirria,2,8/20/2025,10:17:04 PM,99.5,199,UST Incubation Rm.419,Onsite,Main,Birria
74,97247,Iced Tea,1,8/20/2025,10:17:04 PM,40,40,UST Incubation Rm.419,Onsite,Beverage,Iced Tea
75,97248,QuesaBirria,2,8/20/2025,10:17:43 PM,99.5,159.2,UST Incubation Rm.419,Onsite,Main,Birria
76,97249,Iced Tea,1,8/20/2025,10:18:10 PM,40,40,UST Incubation Rm.419,Onsite,Beverage,Iced Tea
77,97250,QuesaBirria,1,8/20/2025,10:20:01 PM,110,110,UST Incubation Rm.419,Onsite,Main,Birria
78,97251,QuesaBirria,2,8/20/2025,10:48:04 PM,99.5,199,UST Incubation Rm.419,Onsite,Main,Birria
79,97252,QuesaBirria,1,8/20/2025,10:48:04 PM,110,110,UST Incubation Rm.419,Onsite,Main,Birria
80,97253,Iced Tea,1,8/20/2025,10:48:04 PM,40,40,UST Incubation Rm.419,Onsite,Beverage,Iced Tea
81,96618,QuesaBirria,2,8/29/2025,1:46:52 PM,99.5,199,UST Incubation Rm.419,Onsite,Main,Birria
82,96619,QuesaBirria,2,8/29/2025,10:16:10 PM,99.5,199,UST Incubation Rm.419,Onsite,Main,Birria
83,96620,QuesaBirria,2,8/29/2025,10:17:04 PM,99.5,199,UST Incubation Rm.419,Onsite,Main,Birria
84,96620,QuesaBirria,2,8/29/2025,10:17:04 PM,99.5,199,UST Incubation Rm.419,Onsite,Main,Birria
85,96621,QuesaBirria,1,8/29/2025,10:17:04 PM,110,110,UST Incubation Rm.419,Onsite,Main,Birria
86,96621,Iced Tea,1,8/29/2025,10:17:43 PM,40,40,UST Incubation Rm.419,Onsite,Beverage,Iced Tea
87,96622,QuesaBirria,1,8/29/2025,10:18:10 PM,110,110,UST Incubation Rm.419,Onsite,Main,Birria
88,96623,Iced Tea,1,8/29/2025,10:20:01 PM,40,40,UST Incubation Rm.419,Onsite,Beverage,Iced Tea
89,96624,QuesaBirria,2,8/29/2025,10:48:04 PM,99.5,199,UST Incubation Rm.419,Onsite,Main,Birria
90,96625,QuesaBirria,2,8/29/2025,10:48:04 PM,99.5,199,UST Incubation Rm.419,Onsite,Main,Birria
91,96626,Iced Tea,1,8/29/2025,10:48:04 PM,40,40,UST Incubation Rm.419,Onsite,Beverage,Iced Tea
92,96627,QuesaBirria,1,8/29/2025,9:11:18 AM,110,110,UST Incubation Rm.419,Onsite,Main,Birria
93,96628,Iced Tea,1,8/29/2025,9:11:30 AM,40,40,UST Incubation Rm.419,Onsite,Beverage,Iced Tea
94,96629,QuesaBirria,2,8/29/2025,9:13:00 AM,99.5,199,UST Incubation Rm.419,Onsite,Main,Birria
95,96630,QuesaBirria,2,8/29/2025,9:21:22 AM,99.5,199,UST Incubation Rm.419,Onsite,Main,Birria
96,96631,Iced Tea,1,8/29/2025,9:21:22 AM,40,40,UST Incubation Rm.419,Onsite,Beverage,Iced Tea
97,96632,QuesaBirria,2,8/29/2025,9:35:32 AM,99.5,199,UST Incubation Rm.419,Onsite,Main,Birria
98,96633,QuesaBirria,2,8/29/2025,9:41:09 AM,99.5,199,UST Incubation Rm.419,Onsite,Main,Birria
99,96634,QuesaBirria,2,8/29/2025,10:29:09 AM,99.5,199,UST Incubation Rm.419,Onsite,Main,Birria
100,96635,QuesaBirria,2,8/29/2025,10:29:16 AM,99.5,199,UST Incubation Rm.419,Onsite,Main,Birria
101,96636,Iced Tea,1,8/29/2025,10:37:50 AM,40,40,UST Incubation Rm.419,Onsite,Beverage,Iced Tea
102,96637,QuesaBirria,2,8/29/2025,10:42:02 AM,99.5,199,UST Incubation Rm.419,Onsite,Main,Birria
103,96638,QuesaBirria,1,8/29/2025,10:46:41 AM,110,110,UST Incubation Rm.419,Onsite,Main,Birria
104,96639,QuesaBirria,2,8/29/2025,10:49:58 AM,99.5,199,UST Incubation Rm.419,Onsite,Main,Birria
105,96640,QuesaBirria,1,8/29/2025,10:50:29 AM,110,110,UST Incubation Rm.419,Onsite,Main,Birria
106,96641,QuesaBirria,2,8/29/2025,10:57:24 AM,99.5,199,UST Incubation Rm.419,Onsite,Main,Birria
107,96641,Iced Tea,1,8/29/2025,10:57:24 AM,40,40,UST Incubation Rm.419,Onsite,Beverage,Iced Tea
108,96642,QuesaBirria,6,8/29/2025,11:05:10 AM,99.5,597,UST Incubation Rm.419,Onsite,Main,Birria
109,96643,QuesaBirria,4,8/29/2025,11:12:04 AM,99.5,318.4,UST Incubation Rm.419,Onsite,Main,Birria
110,96644,QuesaBirria,4,8/29/2025,11:20:57 AM,99.5,398,UST Incubation Rm.419,Onsite,Main,Birria
111,96645,QuesaBirria,2,8/30/2025,11:03:04 AM,99.5,159.2,UST Incubation Rm.419,Onsite,Main,Birria
112,96646,QuesaBirria,2,8/30/2025,11:07:58 AM,99.5,199,UST Incubation Rm.419,Onsite,Main,Birria
113,96647,QuesaBirria,1,8/30/2025,11:18:28 AM,110,110,UST Incubation Rm.419,Onsite,Main,Birria
114,96648,QuesaBirria,2,8/30/2025,11:31:28 AM,99.5,199,UST Incubation Rm.419,Onsite,Main,Birria
115,96649,QuesaBirria,2,8/30/2025,11:42:09 AM,99.5,199,UST Incubation Rm.419,Onsite,Main,Birria
116,96650,QuesaBirria,2,8/30/2025,11:48:16 AM,99.5,199,UST Incubation Rm.419,Onsite,Main,Birria
117,96651,QuesaBirria,1,8/30/2025,11:50:43 AM,110,110,UST Incubation Rm.419,Onsite,Main,Birria
118,96652,QuesaBirria,1,8/30/2025,11:54:10 AM,110,110,UST Incubation Rm.419,Onsite,Main,Birria
119,96654,QuesaBirria,2,8/30/2025,11:54:10 AM,99.5,199,UST Incubation Rm.419,Onsite,Main,Birria
120,96654,QuesaBirria,2,8/30/2025,11:54:10 AM,99.5,199,UST Incubation Rm.419,Onsite,Main,Birria
121,96655,QuesaBirria,2,8/30/2025,12:14:17 PM,99.5,199,UST Incubation Rm.419,Onsite,Main,Birria
122,96656,QuesaBirria,2,8/30/2025,9:58:03 PM,99.5,199,UST Incubation Rm.419,Onsite,Main,Birria
123,96657,QuesaBirria,1,8/30/2025,8:57:16 AM,110,110,UST Incubation Rm.419,Onsite,Main,Birria
124,96657,Iced Tea,1,8/30/2025,8:57:16 AM,40,40,UST Incubation Rm.419,Onsite,Beverage,Iced Tea
125,96658,QuesaBirria,3,8/30/2025,9:44:17 AM,103,309,UST Incubation Rm.419,Onsite,Main,Birria
126,96659,QuesaBirria,2,8/30/2025,10:40:58 AM,99.5,199,UST Incubation Rm.419,Onsite,Main,Birria
127,96660,QuesaBirria,1,8/30/2025,10:47:41 AM,110,110,UST Incubation Rm.419,Onsite,Main,Birria
128,96661,QuesaBirria,2,8/30/2025,10:50:49 AM,99.5,199,UST Incubation Rm.419,Onsite,Main,Birria
129,96662,QuesaBirria,1,8/30/2025,10:51:46 AM,110,88,UST Incubation Rm.419,Onsite,Main,Birria
130,96663,QuesaBirria,4,8/30/2025,11:10:08 AM,99.5,398,UST Incubation Rm.419,Onsite,Main,Birria
131,96664,QuesaBirria,1,8/30/2025,11:18:16 AM,110,110,UST Incubation Rm.419,Onsite,Main,Birria
132,96665,QuesaBirria,1,8/30/2025,11:18:30 AM,110,110,UST Incubation Rm.419,Onsite,Main,Birria
133,96666,QuesaBirria,1,8/30/2025,11:30:19 AM,110,110,UST Incubation Rm.419,Onsite,Main,Birria
134,90476,QuesaBirria,3,8/30/2025,11:37:50 AM,103,309,UST Incubation Rm.419,Onsite,Main,Birria
135,90477,QuesaBirria,2,8/30/2025,11:56:46 AM,99.5,199,UST Incubation Rm.419,Onsite,Main,Birria
136,90478,QuesaBirria,2,8/30/2025,11:57:15 AM,99.5,199,UST Incubation Rm.419,Onsite,Main,Birria
137,90479,QuesaBirria,1,8/30/2025,2:30:10 PM,110,110,UST Incubation Rm.419,Onsite,Main,Birria
138,90480,QuesaBirria,2,8/30/2025,2:56:42 PM,99.5,199,UST Incubation Rm.419,Onsite,Main,Birria
139,90481,QuesaBirria,4,8/30/2025,2:56:42 PM,104.75,419,UST Incubation Rm.419,Onsite,Main,Birria
140,85851,QuesaBirria,2,9/13/2025,9:41:09 AM,99.5,199,Beach House Taft,Onsite,Main,Birria
141,85852,QuesaBirria,2,9/13/2025,10:29:09 AM,99.5,199,Beach House Taft,Onsite,Main,Birria
142,85853,QuesaBirria,1,9/13/2025,10:29:16 AM,110,110,Beach House Taft,Onsite,Main,Birria
143,85854,QuesaBirria,2,9/13/2025,10:37:50 AM,99.5,199,Beach House Taft,Onsite,Main,Birria
144,85855,QuesaBirria,1,9/13/2025,10:42:02 AM,110,110,Beach House Taft,Onsite,Main,Birria
145,85856,QuesaBirria,2,9/13/2025,10:46:41 AM,99.5,199,Beach House Taft,Onsite,Main,Birria
146,85857,QuesaBirria,2,9/13/2025,10:49:58 AM,99.5,199,Beach House Taft,Onsite,Main,Birria
147,85858,QuesaBirria,4,9/13/2025,10:50:29 AM,99.5,398,Beach House Taft,Onsite,Main,Birria
148,85859,QuesaBirria,2,9/13/2025,10:57:24 AM,99.5,199,Beach House Taft,Onsite,Main,Birria
149,85860,QuesaBirria,4,9/13/2025,10:57:24 AM,99.5,398,Beach House Taft,Onsite,Main,Birria
150,85861,QuesaBirria,2,9/13/2025,11:05:10 AM,99.5,199,Beach House Taft,Onsite,Main,Birria
151,85862,QuesaBirria,2,9/13/2025,11:12:04 AM,99.5,199,Beach House Taft,Onsite,Main,Birria
152,85863,QuesaBirria,2,9/13/2025,11:20:57 AM,99.5,199,Beach House Taft,Onsite,Main,Birria
153,85864,QuesaBirria,4,9/13/2025,11:03:04 AM,99.5,398,Beach House Taft,Onsite,Main,Birria
154,85865,QuesaBirria,1,9/13/2025,11:07:58 AM,110,110,Beach House Taft,Onsite,Main,Birria
155,85866,QuesaBirria,4,9/13/2025,11:18:28 AM,99.5,398,Beach House Taft,Onsite,Main,Birria
156,85867,QuesaBirria,1,9/13/2025,11:31:28 AM,110,110,Beach House Taft,Onsite,Main,Birria
157,85868,QuesaBirria,2,9/13/2025,11:42:09 AM,99.5,199,Beach House Taft,Onsite,Main,Birria
158,85869,QuesaBirria,2,9/13/2025,11:48:16 AM,99.5,199,Beach House Taft,Onsite,Main,Birria
159,85870,QuesaBirria,2,9/13/2025,11:50:43 AM,99.5,199,Beach House Taft,Onsite,Main,Birria
160,85871,QuesaBirria,10,9/13/2025,11:54:10 AM,99.5,995,Beach House Taft,Onsite,Main,Birria
161,85872,QuesaBirria,1,9/13/2025,11:54:10 AM,110,110,Beach House Taft,Onsite,Main,Birria
162,85873,QuesaBirria,4,9/13/2025,11:54:10 AM,99.5,398,Beach House Taft,Onsite,Main,Birria
163,85874,QuesaBirria,2,9/13/2025,12:12:10 PM,99.5,199,Beach House Taft,Onsite,Main,Birria
164,85875,QuesaBirria,4,9/13/2025,12:13:06 PM,99.5,398,Beach House Taft,Onsite,Main,Birria
165,85926,QuesaBirria,1,9/13/2025,12:25:31 PM,110,110,Beach House Taft,Onsite,Main,Birria
166,90576,QuesaBirria,1,9/13/2025,12:26:12 PM,110,110,Beach House Taft,Onsite,Main,Birria
167,90577,QuesaBirria,2,9/13/2025,12:27:15 PM,99.5,199,Beach House Taft,Onsite,Main,Birria
168,90578,QuesaBirria,1,9/13/2025,12:37:59 PM,110,110,Beach House Taft,Onsite,Main,Birria
169,90579,QuesaBirria,2,9/13/2025,12:59:50 PM,99.5,199,Beach House Taft,Onsite,Main,Birria
170,90580,QuesaBirria,3,9/13/2025,1:06:03 PM,103,309,Beach House Taft,Onsite,Main,Birria
171,90581,QuesaBirria,1,9/13/2025,1:27:54 PM,110,110,Beach House Taft,Onsite,Main,Birria
172,90582,QuesaBirria,10,9/13/2025,1:39:49 PM,101.6,1016,Beach House Taft,Onsite,Main,Birria
173,90583,QuesaBirria,2,9/13/2025,2:21:29 PM,99.5,199,Beach House Taft,Onsite,Main,Birria
174,90584,QuesaBirria,4,9/13/2025,2:24:12 PM,99.5,398,Beach House Taft,Onsite,Main,Birria
175,90585,QuesaBirria,1,9/13/2025,2:27:22 PM,110,110,Beach House Taft,Onsite,Main,Birria
176,90482,QuesaBirria,2,9/13/2025,2:29:53 PM,99.5,199,Beach House Taft,Onsite,Main,Birria
177,90483,QuesaBirria,2,9/13/2025,2:35:29 PM,99.5,199,Beach House Taft,Onsite,Main,Birria
178,90484,QuesaBirria,1,9/13/2025,2:46:43 PM,110,110,Beach House Taft,Onsite,Main,Birria
179,90485,QuesaBirria,2,9/13/2025,4:00:52 PM,99.5,199,Beach House Taft,Onsite,Main,Birria
180,90486,QuesaBirria,6,9/13/2025,4:05:48 PM,103,618,Beach House Taft,Onsite,Main,Birria
181,90487,QuesaBirria,1,9/13/2025,4:07:40 PM,110,110,Beach House Taft,Onsite,Main,Birria
182,90488,QuesaBirria,1,9/13/2025,4:25:25 PM,110,110,Beach House Taft,Onsite,Main,Birria
183,90489,QuesaBirria,1,9/13/2025,5:08:00 PM,110,110,Beach House Taft,Onsite,Main,Birria
184,90490,QuesaBirria,2,9/13/2025,5:08:29 PM,99.5,199,Beach House Taft,Onsite,Main,Birria
185,90491,QuesaBirria,4,9/13/2025,5:26:36 PM,99.5,398,Beach House Taft,Onsite,Main,Birria
186,90492,QuesaBirria,2,9/13/2025,6:16:28 PM,99.5,199,Beach House Taft,Onsite,Main,Birria
187,90493,QuesaBirria,2,9/13/2025,6:23:36 PM,99.5,199,Beach House Taft,Onsite,Main,Birria
188,85927,QuesaBirria,2,9/25/2025,1:12:21 PM,99.5,199,Pre-Order,Online,Main,Birria
189,85928,QuesaBirria,2,9/25/2025,1:36:01 PM,99.5,199,Pre-Order,Online,Main,Birria
190,85929,QuesaBirria,2,9/25/2025,1:39:33 PM,99.5,199,Pre-Order,Online,Main,Birria
191,85930,QuesaBirria,1,9/25/2025,1:42:14 PM,110,110,Pre-Order,Online,Main,Birria
192,85931,QuesaBirria,2,9/25/2025,1:52:29 PM,99.5,199,Pre-Order,Online,Main,Birria
193,85932,QuesaBirria,2,9/25/2025,2:26:29 PM,99.5,199,Pre-Order,Online,Main,Birria
194,85933,QuesaBirria,2,9/25/2025,2:34:51 PM,99.5,199,Pre-Order,Online,Main,Birria
195,85934,QuesaBirria,1,9/25/2025,2:35:02 PM,110,110,Pre-Order,Online,Main,Birria
196,85935,QuesaBirria,2,9/25/2025,2:35:10 PM,99.5,199,Pre-Order,Online,Main,Birria
197,85936,QuesaBirria,2,9/25/2025,2:35:45 PM,99.5,199,Pre-Order,Online,Main,Birria
198,85937,QuesaBirria,2,9/25/2025,2:35:58 PM,99.5,199,Pre-Order,Online,Main,Birria
199,85938,QuesaBirria,2,9/25/2025,2:36:09 PM,99.5,199,Pre-Order,Online,Main,Birria
200,85939,QuesaBirria,2,9/25/2025,2:36:20 PM,99.5,199,Pre-Order,Online,Main,Birria
201,85940,QuesaBirria,1,9/25/2025,2:36:37 PM,110,110,Pre-Order,Online,Main,Birria
202,85941,QuesaBirria,2,9/25/2025,2:36:45 PM,99.5,199,Pre-Order,Online,Main,Birria
203,85942,QuesaBirria,2,9/25/2025,2:36:56 PM,99.5,199,Pre-Order,Online,Main,Birria
204,85943,QuesaBirria,2,9/25/2025,2:37:09 PM,99.5,199,Pre-Order,Online,Main,Birria
205,85944,QuesaBirria,1,9/25/2025,2:37:21 PM,110,110,Pre-Order,Online,Main,Birria
206,85945,QuesaBirria,2,9/25/2025,2:37:30 PM,99.5,199,Pre-Order,Online,Main,Birria
207,85946,QuesaBirria,2,9/25/2025,2:37:54 PM,99.5,199,Pre-Order,Online,Main,Birria
208,85947,QuesaBirria,2,9/25/2025,2:38:07 PM,99.5,199,Pre-Order,Online,Main,Birria
209,85948,QuesaBirria,1,9/25/2025,2:39:14 PM,110,110,Pre-Order,Online,Main,Birria
210,85949,QuesaBirria,2,9/25/2025,2:39:43 PM,99.5,199,Pre-Order,Online,Main,Birria
211,85950,QuesaBirria,2,9/25/2025,2:39:57 PM,99.5,199,Pre-Order,Online,Main,Birria
212,90601,QuesaBirria,2,9/25/2025,2:40:18 PM,99.5,199,Pre-Order,Online,Main,Birria
213,90602,QuesaBirria,2,9/25/2025,2:40:45 PM,99.5,199,Pre-Order,Online,Main,Birria
214,90603,QuesaBirria,2,9/25/2025,2:41:00 PM,99.5,199,Pre-Order,Online,Main,Birria
215,90604,QuesaBirria,1,9/25/2025,2:41:15 PM,110,110,Pre-Order,Online,Main,Birria
216,90605,QuesaBirria,2,9/25/2025,2:41:28 PM,99.5,199,Pre-Order,Online,Main,Birria
217,90606,QuesaBirria,2,9/25/2025,3:08:39 PM,99.5,199,Pre-Order,Online,Main,Birria
218,90607,QuesaBirria,2,9/25/2025,3:29:29 PM,99.5,199,Pre-Order,Online,Main,Birria
219,90608,QuesaBirria,1,9/25/2025,3:35:26 PM,110,110,Pre-Order,Online,Main,Birria
220,90609,QuesaBirria,2,9/25/2025,3:35:50 PM,99.5,199,Pre-Order,Online,Main,Birria
221,90610,QuesaBirria,2,9/25/2025,3:41:47 PM,99.5,199,Pre-Order,Online,Main,Birria
222,90611,QuesaBirria,2,9/25/2025,3:48:23 PM,99.5,199,Pre-Order,Online,Main,Birria
223,90612,QuesaBirria,1,9/25/2025,3:51:39 PM,110,110,Pre-Order,Online,Main,Birria
224,90613,QuesaBirria,2,9/25/2025,4:09:42 PM,99.5,199,Pre-Order,Online,Main,Birria
225,90614,QuesaBirria,2,9/25/2025,4:12:41 PM,99.5,199,Pre-Order,Online,Main,Birria
226,90615,QuesaBirria,2,9/25/2025,4:17:59 PM,99.5,199,Pre-Order,Online,Main,Birria
227,90616,QuesaBirria,2,9/25/2025,4:18:59 PM,99.5,199,Pre-Order,Online,Main,Birria
228,90617,QuesaBirria,2,9/25/2025,4:19:56 PM,99.5,199,Pre-Order,Online,Main,Birria
229,90618,QuesaBirria,1,9/25/2025,4:26:27 PM,110,110,Pre-Order,Online,Main,Birria
230,90619,QuesaBirria,2,9/25/2025,4:29:34 PM,99.5,199,Pre-Order,Online,Main,Birria
231,90620,QuesaBirria,2,9/25/2025,4:36:12 PM,99.5,199,Pre-Order,Online,Main,Birria
232,90621,QuesaBirria,2,9/25/2025,4:43:35 PM,99.5,199,Pre-Order,Online,Main,Birria
233,90622,QuesaBirria,2,9/25/2025,4:50:09 PM,99.5,199,Pre-Order,Online,Main,Birria
234,90623,QuesaBirria,2,9/25/2025,4:58:22 PM,99.5,199,Pre-Order,Online,Main,Birria
235,90624,QuesaBirria,4,9/25/2025,5:06:02 PM,110,440,Pre-Order,Online,Main,Birria
236,90625,QuesaBirria,3,9/25/2025,5:11:49 PM,103,309,Pre-Order,Online,Main,Birria
237,97210,QuesaBirria,2,10/3/2025,9:53:15 AM,99.5,199,UST Incubation Rm.419,Onsite,Main,Birria
238,97211,QuesaBirria,1,10/3/2025,9:53:50 AM,110,110,UST Incubation Rm.419,Onsite,Main,Birria
239,97212,QuesaBirria,4,10/3/2025,9:59:41 AM,110,440,UST Incubation Rm.419,Onsite,Main,Birria
240,97213,QuesaBirria,2,10/3/2025,10:03:20 AM,99.5,199,UST Incubation Rm.419,Onsite,Main,Birria
241,97214,QuesaBirria,2,10/3/2025,10:20:22 AM,99.5,199,UST Incubation Rm.419,Onsite,Main,Birria
242,97216,QuesaBirria,2,10/3/2025,10:28:16 AM,99.5,199,UST Incubation Rm.419,Onsite,Main,Birria
243,97217,QuesaBirria,1,10/3/2025,10:32:40 AM,110,110,UST Incubation Rm.419,Onsite,Main,Birria
244,97218,QuesaBirria,4,10/3/2025,10:40:47 AM,110,440,UST Incubation Rm.419,Onsite,Main,Birria
245,97219,QuesaBirria,2,10/3/2025,10:44:56 AM,99.5,199,UST Incubation Rm.419,Onsite,Main,Birria
246,97220,QuesaBirria,1,10/3/2025,10:45:46 AM,110,110,UST Incubation Rm.419,Onsite,Main,Birria
247,97221,QuesaBirria,2,10/3/2025,11:00:37 AM,99.5,199,UST Incubation Rm.419,Onsite,Main,Birria
248,97222,QuesaBirria,2,10/3/2025,11:01:34 AM,99.5,199,UST Incubation Rm.419,Onsite,Main,Birria
249,97223,QuesaBirria,1,10/3/2025,11:09:11 AM,110,110,UST Incubation Rm.419,Onsite,Main,Birria
250,97224,QuesaBirria,2,10/3/2025,11:21:10 AM,99.5,199,UST Incubation Rm.419,Onsite,Main,Birria
251,97225,QuesaBirria,1,10/3/2025,11:26:47 AM,110,110,UST Incubation Rm.419,Onsite,Main,Birria
252,97226,QuesaBirria,2,10/3/2025,11:54:58 AM,99.5,199,UST Incubation Rm.419,Onsite,Main,Birria
253,97227,QuesaBirria,2,10/3/2025,12:09:39 PM,99.5,199,UST Incubation Rm.419,Onsite,Main,Birria
254,97228,QuesaBirria,1,10/3/2025,12:20:41 PM,110,110,UST Incubation Rm.419,Onsite,Main,Birria
255,97254,QuesaBirria,2,10/3/2025,12:22:54 PM,99.5,199,UST Incubation Rm.419,Onsite,Main,Birria
256,97255,QuesaBirria,2,10/3/2025,12:24:11 PM,99.5,199,UST Incubation Rm.419,Onsite,Main,Birria
257,97256,QuesaBirria,1,10/3/2025,12:31:51 PM,110,110,UST Incubation Rm.419,Onsite,Main,Birria
258,97257,QuesaBirria,2,10/3/2025,12:32:39 PM,99.5,199,UST Incubation Rm.419,Onsite,Main,Birria
259,97258,QuesaBirria,1,10/3/2025,12:34:54 PM,110,110,UST Incubation Rm.419,Onsite,Main,Birria
260,97259,QuesaBirria,2,10/3/2025,12:37:21 PM,99.5,199,UST Incubation Rm.419,Onsite,Main,Birria
261,97260,QuesaBirria,4,10/3/2025,12:37:35 PM,110,440,UST Incubation Rm.419,Onsite,Main,Birria
262,97229,QuesaBirria,2,10/4/2025,8:28:17 AM,99.5,199,UST Incubation Rm.419,Onsite,Main,Birria
263,97230,QuesaBirria,2,10/4/2025,8:48:18 AM,99.5,199,UST Incubation Rm.419,Onsite,Main,Birria
264,97231,QuesaBirria,2,10/4/2025,8:49:59 AM,99.5,199,UST Incubation Rm.419,Onsite,Main,Birria
265,97232,QuesaBirria,2,10/4/2025,8:50:16 AM,99.5,199,UST Incubation Rm.419,Onsite,Main,Birria
266,97233,QuesaBirria,2,10/4/2025,8:53:57 AM,99.5,199,UST Incubation Rm.419,Onsite,Main,Birria
267,97261,QuesaBirria,2,10/4/2025,8:55:01 AM,99.5,199,UST Incubation Rm.419,Onsite,Main,Birria
268,97262,QuesaBirria,2,10/4/2025,9:15:29 AM,99.5,199,UST Incubation Rm.419,Onsite,Main,Birria
269,97263,QuesaBirria,4,10/4/2025,9:35:21 AM,110,440,UST Incubation Rm.419,Onsite,Main,Birria
270,97264,QuesaBirria,4,10/4/2025,10:14:48 AM,110,440,UST Incubation Rm.419,Onsite,Main,Birria
271,97265,QuesaBirria,2,10/4/2025,10:32:26 AM,99.5,199,UST Incubation Rm.419,Onsite,Main,Birria
272,97266,QuesaBirria,8,10/4/2025,10:34:47 AM,796,159.2,UST Incubation Rm.419,Onsite,Main,Birria
273,97267,QuesaBirria,2,10/4/2025,10:36:34 AM,99.5,199,UST Incubation Rm.419,Onsite,Main,Birria
274,97270,QuesaBirria,1,10/4/2025,10:37:19 AM,110,110,UST Incubation Rm.419,Onsite,Main,Birria
275,97271,QuesaBirria,2,10/4/2025,10:51:17 AM,99.5,199,UST Incubation Rm.419,Onsite,Main,Birria
276,97273,QuesaBirria,2,10/4/2025,10:56:25 AM,99.5,159.2,UST Incubation Rm.419,Onsite,Main,Birria
277,97273,QuesaBirria,1,10/4/2025,10:56:25 AM,110,88,UST Incubation Rm.419,Onsite,Main,Birria
278,550601,QuesaBirria,2,10/24/2025,9:27:41 AM,119,238,San Beda Alabang,Onsite,Main,Birria
279,550602,QuesaBirria,1,10/24/2025,9:31:48 AM,119,119,San Beda Alabang,Onsite,Main,Birria
280,550603,QuesaBirria,2,10/24/2025,9:33:21 AM,109.5,219,San Beda Alabang,Onsite,Main,Birria
281,550604,QuesaBirria,2,10/24/2025,9:35:19 AM,109.5,219,San Beda Alabang,Onsite,Main,Birria
282,550605,QuesaBirria,2,10/24/2025,9:36:34 AM,109.5,219,San Beda Alabang,Onsite,Main,Birria
283,550606,QuesaBirria,2,10/24/2025,9:38:12 AM,109.5,219,San Beda Alabang,Onsite,Main,Birria
284,550607,QuesaBirria,2,10/24/2025,9:38:39 AM,109.5,219,San Beda Alabang,Onsite,Main,Birria
285,550608,QuesaBirria,2,10/24/2025,9:40:41 AM,109.5,219,San Beda Alabang,Onsite,Main,Birria
286,550609,QuesaBirria,1,10/24/2025,9:43:23 AM,119,119,San Beda Alabang,Onsite,Main,Birria
287,550610,QuesaBirria,2,10/24/2025,9:44:08 AM,109.5,219,San Beda Alabang,Onsite,Main,Birria
288,550611,QuesaBirria,2,10/24/2025,9:44:27 AM,109.5,219,San Beda Alabang,Onsite,Main,Birria
289,550612,QuesaBirria,2,10/24/2025,9:46:15 AM,109.5,219,San Beda Alabang,Onsite,Main,Birria
290,550613,QuesaBirria,2,10/24/2025,9:47:50 AM,109.5,219,San Beda Alabang,Onsite,Main,Birria
291,550614,QuesaBirria,1,10/24/2025,9:58:06 AM,119,119,San Beda Alabang,Onsite,Main,Birria
292,550615,QuesaBirria,1,10/24/2025,10:03:25 AM,119,119,San Beda Alabang,Onsite,Main,Birria
293,550616,QuesaBirria,2,10/24/2025,10:22:55 AM,109.5,219,San Beda Alabang,Onsite,Main,Birria
294,550617,QuesaBirria,1,10/24/2025,10:32:45 AM,119,119,San Beda Alabang,Onsite,Main,Birria
295,550618,QuesaBirria,4,10/24/2025,10:52:46 AM,109.5,438,San Beda Alabang,Onsite,Main,Birria
296,550619,QuesaBirria,2,10/24/2025,11:01:32 AM,109.5,219,San Beda Alabang,Onsite,Main,Birria
297,550620,QuesaBirria,2,10/24/2025,11:09:44 AM,109.5,219,San Beda Alabang,Onsite,Main,Birria
298,550621,QuesaBirria,2,10/24/2025,11:10:56 AM,109.5,219,San Beda Alabang,Onsite,Main,Birria
299,550622,QuesaBirria,2,10/24/2025,11:13:58 AM,109.5,219,San Beda Alabang,Onsite,Main,Birria
300,550623,QuesaBirria,2,10/24/2025,11:18:28 AM,109.5,219,San Beda Alabang,Onsite,Main,Birria
301,550624,QuesaBirria,1,10/24/2025,11:19:43 AM,119,119,San Beda Alabang,Onsite,Main,Birria
302,550625,QuesaBirria,1,10/24/2025,11:31:36 AM,119,119,San Beda Alabang,Onsite,Main,Birria
303,550651,QuesaBirria,4,10/24/2025,11:41:45 AM,109.5,438,San Beda Alabang,Onsite,Main,Birria
304,550652,QuesaBirria,2,10/24/2025,11:41:52 AM,109.5,219,San Beda Alabang,Onsite,Main,Birria
305,550653,QuesaBirria,2,10/24/2025,11:43:28 AM,109.5,219,San Beda Alabang,Onsite,Main,Birria
306,550654,QuesaBirria,1,10/24/2025,11:44:12 AM,119,119,San Beda Alabang,Onsite,Main,Birria
307,550655,QuesaBirria,2,10/24/2025,11:45:15 AM,109.5,219,San Beda Alabang,Onsite,Main,Birria
308,550656,QuesaBirria,2,10/24/2025,11:47:21 AM,109.5,219,San Beda Alabang,Onsite,Main,Birria
309,550657,QuesaBirria,1,10/24/2025,11:49:22 AM,119,119,San Beda Alabang,Onsite,Main,Birria
310,550658,QuesaBirria,2,10/24/2025,11:52:48 AM,109.5,219,San Beda Alabang,Onsite,Main,Birria
311,550659,QuesaBirria,1,10/24/2025,11:54:54 AM,119,119,San Beda Alabang,Onsite,Main,Birria
312,550660,QuesaBirria,2,10/24/2025,11:58:07 AM,109.5,219,San Beda Alabang,Onsite,Main,Birria
313,550661,QuesaBirria,2,10/24/2025,11:59:47 AM,109.5,219,San Beda Alabang,Onsite,Main,Birria
314,550662,QuesaBirria,2,10/24/2025,12:00:22 PM,109.5,219,San Beda Alabang,Onsite,Main,Birria
315,550663,QuesaBirria,1,10/24/2025,12:02:43 PM,119,119,San Beda Alabang,Onsite,Main,Birria
316,550664,QuesaBirria,2,10/24/2025,12:05:18 PM,109.5,219,San Beda Alabang,Onsite,Main,Birria
317,550665,QuesaBirria,3,10/24/2025,12:05:18 PM,112.67,338,San Beda Alabang,Onsite,Main,Birria
318,550666,QuesaBirria,2,10/24/2025,12:06:14 PM,109.5,219,San Beda Alabang,Onsite,Main,Birria
319,550667,QuesaBirria,4,10/24/2025,12:08:21 PM,109.5,438,San Beda Alabang,Onsite,Main,Birria
320,550668,QuesaBirria,2,10/24/2025,12:09:18 PM,109.5,219,San Beda Alabang,Onsite,Main,Birria
321,550669,QuesaBirria,2,10/24/2025,12:14:12 PM,109.5,219,San Beda Alabang,Onsite,Main,Birria
322,550670,QuesaBirria,1,10/24/2025,12:15:46 PM,119,119,San Beda Alabang,Onsite,Main,Birria
323,550671,QuesaBirria,2,10/24/2025,12:25:50 PM,109.5,219,San Beda Alabang,Onsite,Main,Birria
324,550672,QuesaBirria,2,10/24/2025,12:33:13 PM,109.5,219,San Beda Alabang,Onsite,Main,Birria
325,550673,QuesaBirria,1,10/24/2025,12:39:01 PM,119,119,San Beda Alabang,Onsite,Main,Birria
326,550674,QuesaBirria,1,10/24/2025,12:49:32 PM,119,119,San Beda Alabang,Onsite,Main,Birria
327,550675,QuesaBirria,2,10/24/2025,1:13:01 PM,109.5,219,San Beda Alabang,Onsite,Main,Birria
328,550876,QuesaBirria,1,10/24/2025,1:45:57 PM,119,119,San Beda Alabang,Onsite,Main,Birria
329,550877,QuesaBirria,2,10/24/2025,1:50:18 PM,109.5,219,San Beda Alabang,Onsite,Main,Birria
330,99201,QuesaBirria,2,10/27/2025,9:37:37 AM,99.5,199,Trinity University of Asia,Onsite,Main,Birria
331,99202,QuesaBirria,2,10/27/2025,9:46:54 AM,99.5,199,Trinity University of Asia,Onsite,Main,Birria
332,99203,QuesaBirria,2,10/27/2025,9:50:42 AM,99.5,199,Trinity University of Asia,Onsite,Main,Birria
333,99204,QuesaBirria,2,10/27/2025,9:59:48 AM,99.5,199,Trinity University of Asia,Onsite,Main,Birria
334,99205,QuesaBirria,2,10/27/2025,10:07:37 AM,99.5,199,Trinity University of Asia,Onsite,Main,Birria
335,99206,QuesaBirria,1,10/27/2025,10:20:21 AM,110,88,Trinity University of Asia,Onsite,Main,Birria
336,99207,QuesaBirria,2,10/27/2025,10:21:08 AM,99.5,199,Trinity University of Asia,Onsite,Main,Birria
337,99208,QuesaBirria,2,10/27/2025,10:25:38 AM,99.5,199,Trinity University of Asia,Onsite,Main,Birria
338,99209,QuesaBirria,4,10/27/2025,10:34:04 AM,109.5,438,Trinity University of Asia,Onsite,Main,Birria
339,99210,QuesaBirria,2,10/27/2025,10:38:02 AM,99.5,199,Trinity University of Asia,Onsite,Main,Birria
340,99211,QuesaBirria,2,10/27/2025,10:42:47 AM,99.5,199,Trinity University of Asia,Onsite,Main,Birria
341,99212,QuesaBirria,2,10/27/2025,10:50:28 AM,99.5,199,Trinity University of Asia,Onsite,Main,Birria
342,99213,QuesaBirria,2,10/27/2025,10:51:43 AM,99.5,199,Trinity University of Asia,Onsite,Main,Birria
343,99214,QuesaBirria,2,10/27/2025,10:56:21 AM,99.5,199,Trinity University of Asia,Onsite,Main,Birria
344,99215,QuesaBirria,2,10/27/2025,11:04:32 AM,99.5,199,Trinity University of Asia,Onsite,Main,Birria
345,99216,QuesaBirria,2,10/27/2025,11:07:47 AM,99.5,199,Trinity University of Asia,Onsite,Main,Birria
346,99217,QuesaBirria,2,10/27/2025,11:08:05 AM,99.5,199,Trinity University of Asia,Onsite,Main,Birria
347,99218,QuesaBirria,2,10/27/2025,11:14:04 AM,99.5,199,Trinity University of Asia,Onsite,Main,Birria
348,99219,QuesaBirria,1,10/27/2025,11:18:06 AM,110,110,Trinity University of Asia,Onsite,Main,Birria
349,99220,QuesaBirria,2,10/27/2025,11:19:03 AM,99.5,199,Trinity University of Asia,Onsite,Main,Birria
350,99221,QuesaBirria,4,10/27/2025,11:19:25 AM,109.5,438,Trinity University of Asia,Onsite,Main,Birria
351,99222,QuesaBirria,2,10/27/2025,11:26:32 AM,99.5,199,Trinity University of Asia,Onsite,Main,Birria
352,99223,QuesaBirria,2,10/27/2025,11:27:18 AM,99.5,199,Trinity University of Asia,Onsite,Main,Birria
353,99224,QuesaBirria,4,10/27/2025,11:30:27 AM,109.5,438,Trinity University of Asia,Onsite,Main,Birria
354,99225,QuesaBirria,2,10/27/2025,11:32:08 AM,99.5,199,Trinity University of Asia,Onsite,Main,Birria
355,99226,QuesaBirria,1,10/27/2025,11:33:21 AM,110,110,Trinity University of Asia,Onsite,Main,Birria
356,99227,QuesaBirria,1,10/27/2025,11:34:00 AM,110,110,Trinity University of Asia,Onsite,Main,Birria
357,99228,QuesaBirria,2,10/27/2025,11:35:26 AM,99.5,199,Trinity University of Asia,Onsite,Main,Birria
358,99229,QuesaBirria,4,10/27/2025,11:37:35 AM,109.5,438,Trinity University of Asia,Onsite,Main,Birria
359,99230,QuesaBirria,2,10/27/2025,11:39:12 AM,99.5,199,Trinity University of Asia,Onsite,Main,Birria
360,99231,QuesaBirria,2,10/27/2025,11:41:43 AM,99.5,199,Trinity University of Asia,Onsite,Main,Birria
361,99232,QuesaBirria,2,10/27/2025,11:45:04 AM,99.5,199,Trinity University of Asia,Onsite,Main,Birria
362,99233,QuesaBirria,2,10/27/2025,11:49:37 AM,99.5,199,Trinity University of Asia,Onsite,Main,Birria
363,99234,QuesaBirria,1,10/27/2025,11:50:03 AM,110,110,Trinity University of Asia,Onsite,Main,Birria
364,99235,QuesaBirria,1,10/27/2025,11:50:18 AM,110,110,Trinity University of Asia,Onsite,Main,Birria
365,99236,QuesaBirria,1,10/27/2025,11:52:22 AM,110,110,Trinity University of Asia,Onsite,Main,Birria
366,99237,QuesaBirria,2,10/27/2025,11:59:16 AM,99.5,199,Trinity University of Asia,Onsite,Main,Birria
367,99238,QuesaBirria,1,10/27/2025,12:05:54 PM,110,110,Trinity University of Asia,Onsite,Main,Birria
368,99239,QuesaBirria,2,10/27/2025,12:10:24 PM,99.5,199,Trinity University of Asia,Onsite,Main,Birria
369,99240,QuesaBirria,1,10/27/2025,12:10:59 PM,110,110,Trinity University of Asia,Onsite,Main,Birria
370,99241,QuesaBirria,2,10/27/2025,12:39:01 PM,99.5,199,Trinity University of Asia,Onsite,Main,Birria
371,99242,QuesaBirria,2,10/27/2025,12:49:32 PM,99.5,199,Trinity University of Asia,Onsite,Main,Birria
372,99243,QuesaBirria,2,10/27/2025,1:13:01 PM,99.5,199,Trinity University of Asia,Onsite,Main,Birria
373,99244,QuesaBirria,2,10/27/2025,1:45:57 PM,99.5,199,Trinity University of Asia,Onsite,Main,Birria
374,99245,QuesaBirria,1,10/27/2025,1:50:18 PM,110,110,Trinity University of Asia,Onsite,Main,Birria
375,99246,QuesaBirria,2,10/27/2025,1:58:19 PM,99.5,199,Trinity University of Asia,Onsite,Main,Birria
376,99247,QuesaBirria,2,10/27/2025,2:05:07 PM,99.5,199,Trinity University of Asia,Onsite,Main,Birria
377,99248,QuesaBirria,4,10/27/2025,2:10:39 PM,109.5,438,Trinity University of Asia,Onsite,Main,Birria
378,99249,QuesaBirria,2,10/27/2025,2:12:06 PM,99.5,199,Trinity University of Asia,Onsite,Main,Birria
379,99250,QuesaBirria,2,10/27/2025,2:25:37 PM,99.5,199,Trinity University of Asia,Onsite,Main,Birria
380,99251,QuesaBirria,2,10/27/2025,2:33:43 PM,99.5,199,Trinity University of Asia,Onsite,Main,Birria
381,89226,QuesaBirria,2,10/27/2025,2:35:58 PM,99.5,199,Trinity University of Asia,Onsite,Main,Birria
382,89227,QuesaBirria,2,10/27/2025,2:55:09 PM,99.5,199,Trinity University of Asia,Onsite,Main,Birria
383,89228,QuesaBirria,4,10/27/2025,2:58:19 PM,109.5,438,Trinity University of Asia,Onsite,Main,Birria
384,89229,QuesaBirria,2,10/27/2025,3:04:02 PM,99.5,199,Trinity University of Asia,Onsite,Main,Birria
385,89230,QuesaBirria,2,10/27/2025,3:10:23 PM,99.5,199,Trinity University of Asia,Onsite,Main,Birria
386,89231,QuesaBirria,1,10/27/2025,3:18:06 PM,110,88,Trinity University of Asia,Onsite,Main,Birria
387,89232,QuesaBirria,2,10/27/2025,3:33:33 PM,99.5,199,Trinity University of Asia,Onsite,Main,Birria
388,89233,QuesaBirria,2,10/27/2025,3:40:19 PM,99.5,199,Trinity University of Asia,Onsite,Main,Birria
389,89234,QuesaBirria,4,10/27/2025,3:41:30 PM,109.5,438,Trinity University of Asia,Onsite,Main,Birria
390,89235,QuesaBirria,2,10/27/2025,3:42:31 PM,99.5,199,Trinity University of Asia,Onsite,Main,Birria
391,89236,QuesaBirria,2,10/27/2025,3:43:27 PM,99.5,199,Trinity University of Asia,Onsite,Main,Birria
392,89237,QuesaBirria,2,10/27/2025,3:53:37 PM,99.5,199,Trinity University of Asia,Onsite,Main,Birria
393,89238,QuesaBirria,1,10/27/2025,3:58:55 PM,110,110,Trinity University of Asia,Onsite,Main,Birria
394,89239,QuesaBirria,2,10/27/2025,4:05:05 PM,99.5,199,Trinity University of Asia,Onsite,Main,Birria
395,89240,QuesaBirria,2,10/27/2025,4:09:04 PM,99.5,199,Trinity University of Asia,Onsite,Main,Birria
396,89241,QuesaBirria,2,10/27/2025,4:12:26 PM,99.5,199,Trinity University of Asia,Onsite,Main,Birria
397,89242,QuesaBirria,1,10/27/2025,4:14:01 PM,110,110,Trinity University of Asia,Onsite,Main,Birria
398,89243,QuesaBirria,4,10/27/2025,4:17:59 PM,109.5,438,Trinity University of Asia,Onsite,Main,Birria
399,89244,QuesaBirria,4,10/27/2025,4:18:59 PM,109.5,438,Trinity University of Asia,Onsite,Main,Birria
400,89245,QuesaBirria,2,10/27/2025,4:19:56 PM,99.5,199,Trinity University of Asia,Onsite,Main,Birria
401,90501,QuesaBirria,2,10/28/2025,11:43:35 AM,99.5,199,Trinity University of Asia,Onsite,Main,Birria
402,90502,QuesaBirria,2,10/28/2025,11:43:48 AM,99.5,199,Trinity University of Asia,Onsite,Main,Birria
403,90503,QuesaBirria,2,10/28/2025,11:43:59 AM,99.5,199,Trinity University of Asia,Onsite,Main,Birria
404,90504,QuesaBirria,2,10/28/2025,11:44:13 AM,99.5,199,Trinity University of Asia,Onsite,Main,Birria
405,90505,QuesaBirria,1,10/28/2025,11:44:33 AM,110,110,Trinity University of Asia,Onsite,Main,Birria
406,90506,QuesaBirria,2,10/28/2025,11:51:17 AM,99.5,199,Trinity University of Asia,Onsite,Main,Birria
407,90507,QuesaBirria,2,10/28/2025,11:55:47 AM,99.5,199,Trinity University of Asia,Onsite,Main,Birria
408,90508,QuesaBirria,2,10/28/2025,12:01:15 PM,99.5,199,Trinity University of Asia,Onsite,Main,Birria
409,90509,QuesaBirria,2,10/28/2025,12:03:40 PM,99.5,199,Trinity University of Asia,Onsite,Main,Birria
410,90510,QuesaBirria,2,10/28/2025,12:08:56 PM,99.5,199,Trinity University of Asia,Onsite,Main,Birria
411,90511,QuesaBirria,2,10/28/2025,12:12:09 PM,99.5,199,Trinity University of Asia,Onsite,Main,Birria
412,90512,QuesaBirria,2,10/28/2025,12:15:05 PM,99.5,199,Trinity University of Asia,Onsite,Main,Birria
413,90513,QuesaBirria,2,10/28/2025,12:15:13 PM,99.5,199,Trinity University of Asia,Onsite,Main,Birria
414,90514,QuesaBirria,2,10/28/2025,12:15:24 PM,99.5,199,Trinity University of Asia,Onsite,Main,Birria
415,90515,QuesaBirria,2,10/28/2025,12:18:57 PM,99.5,199,Trinity University of Asia,Onsite,Main,Birria
416,90516,QuesaBirria,2,10/28/2025,12:20:08 PM,99.5,199,Trinity University of Asia,Onsite,Main,Birria
417,90517,QuesaBirria,4,10/28/2025,12:21:40 PM,109.5,438,Trinity University of Asia,Onsite,Main,Birria
418,90518,QuesaBirria,2,10/28/2025,12:22:07 PM,99.5,199,Trinity University of Asia,Onsite,Main,Birria
419,90519,QuesaBirria,2,10/28/2025,12:23:24 PM,99.5,199,Trinity University of Asia,Onsite,Main,Birria
420,90520,QuesaBirria,1,10/28/2025,12:24:10 PM,110,110,Trinity University of Asia,Onsite,Main,Birria
421,90521,QuesaBirria,2,10/28/2025,12:25:47 PM,99.5,199,Trinity University of Asia,Onsite,Main,Birria
422,90522,QuesaBirria,1,10/28/2025,12:26:37 PM,110,110,Trinity University of Asia,Onsite,Main,Birria
423,90523,QuesaBirria,1,10/28/2025,12:29:25 PM,110,110,Trinity University of Asia,Onsite,Main,Birria
424,90524,QuesaBirria,2,10/28/2025,12:33:04 PM,99.5,199,Trinity University of Asia,Onsite,Main,Birria
425,90525,QuesaBirria,2,10/28/2025,12:33:32 PM,99.5,199,Trinity University of Asia,Onsite,Main,Birria
426,90551,QuesaBirria,1,10/28/2025,12:36:20 PM,110,110,Trinity University of Asia,Onsite,Main,Birria
427,90552,QuesaBirria,2,10/28/2025,12:36:45 PM,99.5,199,Trinity University of Asia,Onsite,Main,Birria
428,90553,QuesaBirria,2,10/28/2025,12:40:09 PM,110,220,Trinity University of Asia,Onsite,Main,Birria
429,90554,QuesaBirria,2,10/28/2025,12:41:04 PM,99.5,199,Trinity University of Asia,Onsite,Main,Birria
430,90555,QuesaBirria,2,10/28/2025,12:44:01 PM,99.5,199,Trinity University of Asia,Onsite,Main,Birria
431,90556,QuesaBirria,2,10/28/2025,12:46:40 PM,99.5,199,Trinity University of Asia,Onsite,Main,Birria
432,90557,QuesaBirria,2,10/28/2025,12:47:58 PM,99.5,199,Trinity University of Asia,Onsite,Main,Birria
433,90558,QuesaBirria,2,10/28/2025,12:49:20 PM,99.5,199,Trinity University of Asia,Onsite,Main,Birria
434,90559,QuesaBirria,2,10/28/2025,12:51:52 PM,99.5,199,Trinity University of Asia,Onsite,Main,Birria
435,90560,QuesaBirria,2,10/28/2025,12:55:27 PM,99.5,199,Trinity University of Asia,Onsite,Main,Birria
436,90561,QuesaBirria,2,10/28/2025,12:57:41 PM,99.5,199,Trinity University of Asia,Onsite,Main,Birria
437,90562,QuesaBirria,2,10/28/2025,1:00:39 PM,99.5,199,Trinity University of Asia,Onsite,Main,Birria
438,90563,QuesaBirria,1,10/28/2025,1:01:10 PM,110,110,Trinity University of Asia,Onsite,Main,Birria
439,90564,QuesaBirria,1,10/28/2025,1:02:56 PM,110,110,Trinity University of Asia,Onsite,Main,Birria
440,90565,QuesaBirria,2,10/28/2025,1:04:08 PM,99.5,199,Trinity University of Asia,Onsite,Main,Birria
441,90566,QuesaBirria,2,10/28/2025,1:06:28 PM,99.5,199,Trinity University of Asia,Onsite,Main,Birria
442,90567,QuesaBirria,2,10/28/2025,1:10:58 PM,99.5,199,Trinity University of Asia,Onsite,Main,Birria
443,90568,QuesaBirria,1,10/28/2025,1:13:09 PM,110,110,Trinity University of Asia,Onsite,Main,Birria
444,90569,QuesaBirria,2,10/28/2025,1:20:03 PM,99.5,199,Trinity University of Asia,Onsite,Main,Birria
445,90570,QuesaBirria,2,10/28/2025,1:23:06 PM,99.5,199,Trinity University of Asia,Onsite,Main,Birria
446,90571,QuesaBirria,2,10/28/2025,1:25:42 PM,99.5,199,Trinity University of Asia,Onsite,Main,Birria
447,90572,QuesaBirria,2,10/28/2025,1:25:54 PM,99.5,199,Trinity University of Asia,Onsite,Main,Birria
448,90573,QuesaBirria,2,10/28/2025,1:29:26 PM,99.5,199,Trinity University of Asia,Onsite,Main,Birria
449,90574,QuesaBirria,2,10/28/2025,1:43:16 PM,99.5,199,Trinity University of Asia,Onsite,Main,Birria
450,90575,QuesaBirria,4,10/28/2025,1:48:03 PM,109.5,438,Trinity University of Asia,Onsite,Main,Birria
451,90151,QuesaBirria,2,10/28/2025,1:53:58 PM,99.5,199,Trinity University of Asia,Onsite,Main,Birria
452,90152,QuesaBirria,2,10/28/2025,2:25:42 PM,99.5,199,Trinity University of Asia,Onsite,Main,Birria
453,90153,QuesaBirria,2,10/28/2025,2:27:00 PM,99.5,199,Trinity University of Asia,Onsite,Main,Birria
454,90154,QuesaBirria,2,10/28/2025,2:33:43 PM,99.5,199,Trinity University of Asia,Onsite,Main,Birria
455,90155,QuesaBirria,2,10/28/2025,2:35:58 PM,99.5,199,Trinity University of Asia,Onsite,Main,Birria
456,90156,QuesaBirria,2,10/28/2025,2:55:09 PM,99.5,199,Trinity University of Asia,Onsite,Main,Birria
457,90157,QuesaBirria,2,10/28/2025,2:58:19 PM,99.5,199,Trinity University of Asia,Onsite,Main,Birria
458,90158,QuesaBirria,4,10/28/2025,3:04:02 PM,109.5,438,Trinity University of Asia,Onsite,Main,Birria
459,90526,QuesaBirria,6,10/31/2025,12:12:10 PM,109.5,657,Pre-Order,Online,Main,Birria
460,90527,QuesaBirria,2,10/31/2025,12:13:06 PM,109.5,219,Pre-Order,Online,Main,Birria
461,90528,QuesaBirria,4,10/31/2025,12:25:31 PM,109.5,438,Pre-Order,Online,Main,Birria
462,90529,QuesaBirria,2,10/31/2025,12:26:12 PM,109.5,219,Pre-Order,Online,Main,Birria
463,90530,QuesaBirria,2,10/31/2025,12:27:15 PM,109.5,219,Pre-Order,Online,Main,Birria
464,90531,QuesaBirria,2,10/31/2025,12:37:59 PM,109.5,219,Pre-Order,Online,Main,Birria
465,90532,QuesaBirria,2,10/31/2025,12:59:50 PM,109.5,219,Pre-Order,Online,Main,Birria
466,90533,QuesaBirria,2,10/31/2025,1:06:03 PM,109.5,219,Pre-Order,Online,Main,Birria
467,90534,QuesaBirria,2,10/31/2025,1:27:54 PM,109.5,219,Pre-Order,Online,Main,Birria
468,90535,QuesaBirria,2,10/31/2025,1:39:49 PM,109.5,219,Pre-Order,Online,Main,Birria
469,90536,QuesaBirria,4,10/31/2025,2:21:29 PM,109.5,438,Pre-Order,Online,Main,Birria
470,90537,QuesaBirria,2,10/31/2025,2:24:12 PM,109.5,219,Pre-Order,Online,Main,Birria
471,90538,QuesaBirria,4,10/31/2025,2:27:22 PM,109.5,438,Pre-Order,Online,Main,Birria
472,90539,QuesaBirria,2,10/31/2025,2:29:53 PM,109.5,219,Pre-Order,Online,Main,Birria
473,90540,QuesaBirria,4,10/31/2025,2:35:29 PM,109.5,438,Pre-Order,Online,Main,Birria
474,90541,QuesaBirria,2,10/31/2025,2:46:43 PM,109.5,219,Pre-Order,Online,Main,Birria
475,90542,QuesaBirria,6,10/31/2025,4:00:52 PM,109.5,657,Pre-Order,Online,Main,Birria
476,90543,QuesaBirria,4,10/31/2025,4:05:48 PM,109.5,438,Pre-Order,Online,Main,Birria
477,90544,QuesaBirria,2,10/31/2025,4:07:40 PM,109.5,219,Pre-Order,Online,Main,Birria
478,90545,QuesaBirria,4,10/31/2025,4:25:25 PM,109.5,438,Pre-Order,Online,Main,Birria
479,90546,QuesaBirria,4,10/31/2025,5:08:00 PM,109.5,438,Pre-Order,Online,Main,Birria
480,90547,QuesaBirria,6,10/31/2025,5:08:29 PM,109.5,657,Pre-Order,Online,Main,Birria
481,90548,QuesaBirria,4,10/31/2025,5:26:36 PM,109.5,438,Pre-Order,Online,Main,Birria
482,90549,QuesaBirria,6,10/31/2025,6:16:28 PM,109.5,657,Pre-Order,Online,Main,Birria
483,90550,QuesaBirria,20,10/31/2025,6:23:36 PM,109.5,2190,Pre-Order,Online,Main,Birria
484,90159,QuesaBirria,4,11/8/2025,11:19:34 AM,109.5,438,Beach House Taft,Onsite,Main,Birria
485,90160,QuesaBirria,4,11/8/2025,11:20:48 AM,109.5,438,Beach House Taft,Onsite,Main,Birria
486,90161,QuesaBirria,2,11/8/2025,11:23:02 AM,109.5,219,Beach House Taft,Onsite,Main,Birria
487,90162,QuesaBirria,2,11/8/2025,11:24:40 AM,109.5,219,Beach House Taft,Onsite,Main,Birria
488,90163,QuesaBirria,2,11/8/2025,11:31:09 AM,109.5,219,Beach House Taft,Onsite,Main,Birria
489,90164,QuesaBirria,1,11/8/2025,11:34:54 AM,119,119,Beach House Taft,Onsite,Main,Birria
490,90165,QuesaBirria,1,11/8/2025,11:48:51 AM,119,119,Beach House Taft,Onsite,Main,Birria
491,90166,QuesaBirria,1,11/8/2025,11:52:01 AM,119,119,Beach House Taft,Onsite,Main,Birria
492,90167,QuesaBirria,2,11/8/2025,11:55:31 AM,109.5,219,Beach House Taft,Onsite,Main,Birria
493,90168,QuesaBirria,2,11/8/2025,12:24:56 PM,109.5,219,Beach House Taft,Onsite,Main,Birria
494,90169,QuesaBirria,2,11/8/2025,12:53:25 PM,109.5,219,Beach House Taft,Onsite,Main,Birria
495,90170,QuesaBirria,2,11/8/2025,12:58:28 PM,109.5,219,Beach House Taft,Onsite,Main,Birria
496,90171,QuesaBirria,1,11/8/2025,1:44:52 PM,119,119,Beach House Taft,Onsite,Main,Birria
497,90172,QuesaBirria,2,11/8/2025,1:57:26 PM,109.5,219,Beach House Taft,Onsite,Main,Birria
498,90173,QuesaBirria,2,11/8/2025,1:58:17 PM,109.5,219,Beach House Taft,Onsite,Main,Birria
499,90174,QuesaBirria,2,11/8/2025,2:00:28 PM,109.5,219,Beach House Taft,Onsite,Main,Birria
500,90175,QuesaBirria,2,11/8/2025,2:42:40 PM,109.5,219,Beach House Taft,Onsite,Main,Birria
501,550878,QuesaBirria,10,11/8/2025,2:42:54 PM,109.5,1095,Beach House Taft,Onsite,Main,Birria
502,550879,QuesaBirria,2,11/8/2025,2:45:23 PM,109.5,219,Beach House Taft,Onsite,Main,Birria
503,550880,QuesaBirria,2,11/8/2025,3:18:18 PM,109.5,219,Beach House Taft,Onsite,Main,Birria
504,550881,QuesaBirria,14,11/8/2025,3:24:01 PM,109.5,1533,Beach House Taft,Onsite,Main,Birria
505,550882,QuesaBirria,2,11/8/2025,4:13:51 PM,109.5,219,Beach House Taft,Onsite,Main,Birria
506,550883,QuesaBirria,2,11/8/2025,4:15:59 PM,109.5,219,Beach House Taft,Onsite,Main,Birria
507,89201,QuesaBirria,2,11/12/2025,9:00:03 AM,99.5,199,UST Incubation Rm.419,Onsite,Main,Birria
508,89202,QuesaBirria,2,11/12/2025,9:00:32 AM,99.5,199,UST Incubation Rm.419,Onsite,Main,Birria
509,89203,QuesaBirria,2,11/12/2025,9:06:13 AM,99.5,199,UST Incubation Rm.419,Onsite,Main,Birria
510,89204,QuesaBirria,2,11/12/2025,9:11:23 AM,99.5,199,UST Incubation Rm.419,Onsite,Main,Birria
511,89205,QuesaBirria,1,11/12/2025,9:15:13 AM,110,110,UST Incubation Rm.419,Onsite,Main,Birria
512,89206,QuesaBirria,2,11/12/2025,9:23:18 AM,99.5,199,UST Incubation Rm.419,Onsite,Main,Birria
513,89207,QuesaBirria,2,11/12/2025,9:30:23 AM,99.5,199,UST Incubation Rm.419,Onsite,Main,Birria
514,89208,QuesaBirria,2,11/12/2025,9:55:44 AM,99.5,199,UST Incubation Rm.419,Onsite,Main,Birria
515,89209,QuesaBirria,4,11/12/2025,10:03:09 AM,109.5,438,UST Incubation Rm.419,Onsite,Main,Birria
516,89210,QuesaBirria,1,11/12/2025,10:04:47 AM,110,110,UST Incubation Rm.419,Onsite,Main,Birria
517,89211,QuesaBirria,1,11/12/2025,10:21:19 AM,110,110,UST Incubation Rm.419,Onsite,Main,Birria
518,89212,QuesaBirria,2,11/12/2025,10:39:37 AM,99.5,199,UST Incubation Rm.419,Onsite,Main,Birria
519,89213,QuesaBirria,2,11/12/2025,10:40:07 AM,99.5,199,UST Incubation Rm.419,Onsite,Main,Birria
520,89214,QuesaBirria,2,11/12/2025,10:41:16 AM,99.5,199,UST Incubation Rm.419,Onsite,Main,Birria
521,89215,QuesaBirria,4,11/12/2025,10:42:13 AM,109.5,438,UST Incubation Rm.419,Onsite,Main,Birria
522,89216,QuesaBirria,2,11/12/2025,10:51:07 AM,99.5,199,UST Incubation Rm.419,Onsite,Main,Birria
523,89217,QuesaBirria,1,11/12/2025,10:53:02 AM,110,110,UST Incubation Rm.419,Onsite,Main,Birria
524,89218,QuesaBirria,4,11/12/2025,11:15:10 AM,109.5,438,UST Incubation Rm.419,Onsite,Main,Birria
525,89219,QuesaBirria,2,11/12/2025,11:19:34 AM,99.5,199,UST Incubation Rm.419,Onsite,Main,Birria
526,89220,QuesaBirria,2,11/12/2025,11:23:05 AM,99.5,199,UST Incubation Rm.419,Onsite,Main,Birria
527,89221,QuesaBirria,1,11/12/2025,11:20:48 AM,110,110,UST Incubation Rm.419,Onsite,Main,Birria
528,89222,QuesaBirria,2,11/12/2025,11:24:40 AM,99.5,199,UST Incubation Rm.419,Onsite,Main,Birria
529,89223,QuesaBirria,2,11/12/2025,11:31:09 AM,99.5,199,UST Incubation Rm.419,Onsite,Main,Birria
530,89224,QuesaBirria,2,11/12/2025,11:34:54 AM,99.5,199,UST Incubation Rm.419,Onsite,Main,Birria
531,89225,QuesaBirria,2,11/12/2025,2:14:32 PM,99.5,199,UST Incubation Rm.419,Onsite,Main,Birria
532,550901,QuesaBirria,2,11/12/2025,2:29:23 PM,99.5,199,UST Incubation Rm.419,Onsite,Main,Birria
533,550902,QuesaBirria,2,11/12/2025,2:39:59 PM,99.5,199,UST Incubation Rm.419,Onsite,Main,Birria
534,550903,QuesaBirria,3,11/12/2025,3:15:30 PM,103,309,UST Incubation Rm.419,Onsite,Main,Birria
535,550904,QuesaBirria,2,11/12/2025,3:15:43 PM,99.5,199,UST Incubation Rm.419,Onsite,Main,Birria
536,550905,QuesaBirria,2,11/12/2025,3:15:59 PM,99.5,199,UST Incubation Rm.419,Onsite,Main,Birria
537,550906,QuesaBirria,2,11/12/2025,3:18:05 PM,99.5,199,UST Incubation Rm.419,Onsite,Main,Birria
538,90176,QuesaBirria,1,11/27/2025,9:23:18 AM,119,119,UST Tunog Tomasino,Onsite,Main,Birria
539,90177,QuesaBirria,2,11/27/2025,9:30:23 AM,109.5,219,UST Tunog Tomasino,Onsite,Main,Birria
540,90178,QuesaBirria,2,11/27/2025,9:55:44 AM,109.5,219,UST Tunog Tomasino,Onsite,Main,Birria
541,90179,QuesaBirria,4,11/27/2025,10:03:09 AM,109.5,438,UST Tunog Tomasino,Onsite,Main,Birria
542,90180,QuesaBirria,2,11/27/2025,10:04:47 AM,109.5,219,UST Tunog Tomasino,Onsite,Main,Birria
543,90181,QuesaBirria,2,11/27/2025,10:21:19 AM,109.5,219,UST Tunog Tomasino,Onsite,Main,Birria
544,90183,COMBO MEAL 1,1,11/27/2025,10:39:37 AM,149,149,UST Tunog Tomasino,Onsite,Combo,1 Birria + 1 Iced Tea
545,90184,QuesaBirria,2,11/27/2025,10:40:07 AM,109.5,219,UST Tunog Tomasino,Onsite,Main,Birria
546,90185,COMBO MEAL 2,1,11/27/2025,10:41:16 AM,249,249,UST Tunog Tomasino,Onsite,Combo,2 Birria + 1 Iced Tea
547,90186,COMBO MEAL 2,1,11/27/2025,10:42:13 AM,249,249,UST Tunog Tomasino,Onsite,Combo,2 Birria + 1 Iced Tea
548,90187,Iced Tea,1,11/27/2025,10:51:07 AM,40,40,UST Tunog Tomasino,Onsite,Beverage,Iced Tea
549,90188,QuesaBirria,2,11/27/2025,10:53:02 AM,109.5,219,UST Tunog Tomasino,Onsite,Main,Birria
550,90189,QuesaBirria,2,11/27/2025,11:15:10 AM,109.5,219,UST Tunog Tomasino,Onsite,Main,Birria
551,90190,QuesaBirria,2,11/27/2025,11:19:34 AM,109.5,219,UST Tunog Tomasino,Onsite,Main,Birria
552,90191,QuesaBirria,2,11/27/2025,11:23:05 AM,109.5,219,UST Tunog Tomasino,Onsite,Main,Birria
553,90192,COMBO MEAL 1,1,11/27/2025,11:20:48 AM,149,149,UST Tunog Tomasino,Onsite,Combo,1 Birria + 1 Iced Tea
554,90192,COMBO MEAL 1,1,11/27/2025,11:24:40 AM,149,149,UST Tunog Tomasino,Onsite,Combo,1 Birria + 1 Iced Tea
555,90193,COMBO MEAL 2,1,11/27/2025,11:31:09 AM,249,249,UST Tunog Tomasino,Onsite,Combo,2 Birria + 1 Iced Tea
556,90194,COMBO MEAL 2,1,11/27/2025,11:34:54 AM,249,249,UST Tunog Tomasino,Onsite,Combo,2 Birria + 1 Iced Tea
557,90195,QuesaBirria,2,11/27/2025,2:14:32 PM,109.5,219,UST Tunog Tomasino,Onsite,Main,Birria
558,90196,QuesaBirria,2,11/27/2025,2:29:23 PM,109.5,219,UST Tunog Tomasino,Onsite,Main,Birria
559,90197,QuesaBirria,2,11/27/2025,2:39:59 PM,109.5,219,UST Tunog Tomasino,Onsite,Main,Birria
560,90198,QuesaBirria,1,11/27/2025,3:15:30 PM,119,119,UST Tunog Tomasino,Onsite,Main,Birria
561,90199,QuesaBirria,2,11/27/2025,3:15:43 PM,109.5,219,UST Tunog Tomasino,Onsite,Main,Birria
562,90200,QuesaBirria,3,11/27/2025,3:15:59 PM,119,357,UST Tunog Tomasino,Onsite,Main,Birria
563,90228,QuesaBirria,2,11/27/2025,3:18:05 PM,109.5,219,UST Tunog Tomasino,Onsite,Main,Birria
564,90229,Iced Tea,1,11/27/2025,3:29:47 PM,40,40,UST Tunog Tomasino,Onsite,Beverage,Iced Tea
565,90230,Iced Tea,1,11/27/2025,3:30:36 PM,40,40,UST Tunog Tomasino,Onsite,Beverage,Iced Tea
566,90231,QuesaBirria,2,11/27/2025,3:31:58 PM,109.5,219,UST Tunog Tomasino,Onsite,Main,Birria
567,90232,QuesaBirria,2,11/27/2025,3:48:16 PM,109.5,219,UST Tunog Tomasino,Onsite,Main,Birria
568,90233,QuesaBirria,2,11/27/2025,3:58:09 PM,109.5,219,UST Tunog Tomasino,Onsite,Main,Birria
569,90234,QuesaBirria,2,11/27/2025,3:59:42 PM,119,238,UST Tunog Tomasino,Onsite,Main,Birria
570,98076,QuesaBirria,2,11/27/2025,4:06:05 PM,109.5,219,UST Tunog Tomasino,Onsite,Main,Birria
571,98077,QuesaBirria,1,11/27/2025,4:07:00 PM,119,119,UST Tunog Tomasino,Onsite,Main,Birria
572,98078,QuesaBirria,2,11/27/2025,4:08:58 PM,109.5,219,UST Tunog Tomasino,Onsite,Main,Birria
573,98079,QuesaBirria,2,11/27/2025,4:09:54 PM,109.5,219,UST Tunog Tomasino,Onsite,Main,Birria
574,98080,QuesaBirria,2,11/27/2025,4:12:19 PM,109.5,219,UST Tunog Tomasino,Onsite,Main,Birria
575,98081,QuesaBirria,2,11/27/2025,4:20:21 PM,109.5,219,UST Tunog Tomasino,Onsite,Main,Birria
576,98082,QuesaBirria,2,11/27/2025,4:20:45 PM,109.5,219,UST Tunog Tomasino,Onsite,Main,Birria
577,98083,Iced Tea,1,11/27/2025,4:22:45 PM,40,40,UST Tunog Tomasino,Onsite,Beverage,Iced Tea
578,98084,QuesaBirria,2,11/27/2025,4:24:26 PM,109.5,219,UST Tunog Tomasino,Onsite,Main,Birria
579,98085,QuesaBirria,2,11/27/2025,4:38:48 PM,109.5,219,UST Tunog Tomasino,Onsite,Main,Birria
580,98086,COMBO MEAL 2,1,11/27/2025,4:39:48 PM,249,249,UST Tunog Tomasino,Onsite,Combo,2 Birria + 1 Iced Tea
581,98087,COMBO MEAL 2,1,11/27/2025,4:42:01 PM,249,249,UST Tunog Tomasino,Onsite,Combo,2 Birria + 1 Iced Tea
582,98088,COMBO MEAL 2,1,11/27/2025,4:44:00 PM,249,249,UST Tunog Tomasino,Onsite,Combo,2 Birria + 1 Iced Tea
583,98089,COMBO MEAL 2,1,11/27/2025,4:45:54 PM,249,249,UST Tunog Tomasino,Onsite,Combo,2 Birria + 1 Iced Tea
584,98090,COMBO MEAL 1,1,11/27/2025,4:46:26 PM,149,149,UST Tunog Tomasino,Onsite,Combo,1 Birria + 1 Iced Tea
585,98091,QuesaBirria,2,11/27/2025,4:48:07 PM,109.5,219,UST Tunog Tomasino,Onsite,Main,Birria
586,98092,QuesaBirria,2,11/27/2025,4:50:56 PM,109.5,219,UST Tunog Tomasino,Onsite,Main,Birria
587,98093,QuesaBirria,2,11/27/2025,4:51:39 PM,109.5,219,UST Tunog Tomasino,Onsite,Main,Birria
588,98094,COMBO MEAL 2,1,11/27/2025,4:52:03 PM,249,249,UST Tunog Tomasino,Onsite,Combo,2 Birria + 1 Iced Tea
589,98095,QuesaBirria,2,11/27/2025,4:56:08 PM,109.5,219,UST Tunog Tomasino,Onsite,Main,Birria
590,98096,COMBO MEAL 1,1,11/27/2025,5:04:51 PM,149,149,UST Tunog Tomasino,Onsite,Combo,1 Birria + 1 Iced Tea
591,145260,COMBO MEAL 1,1,11/27/2025,5:06:35 PM,149,149,UST Tunog Tomasino,Onsite,Combo,1 Birria + 1 Iced Tea
592,145261,QuesaBirria,2,11/27/2025,5:08:43 PM,109.5,219,UST Tunog Tomasino,Onsite,Main,Birria
593,145262,COMBO MEAL 1,1,11/27/2025,5:09:12 PM,149,149,UST Tunog Tomasino,Onsite,Combo,1 Birria + 1 Iced Tea
594,145263,COMBO MEAL 1,2,11/27/2025,5:10:45 PM,149,298,UST Tunog Tomasino,Onsite,Combo,1 Birria + 1 Iced Tea
595,145264,QuesaBirria,2,11/27/2025,5:18:11 PM,109.5,219,UST Tunog Tomasino,Onsite,Main,Birria
596,145265,QuesaBirria,2,11/27/2025,5:20:22 PM,109.5,219,UST Tunog Tomasino,Onsite,Main,Birria
597,145266,COMBO MEAL 1,1,11/27/2025,5:22:38 PM,149,149,UST Tunog Tomasino,Onsite,Combo,1 Birria + 1 Iced Tea
598,145267,COMBO MEAL 1,2,11/27/2025,5:23:32 PM,149,298,UST Tunog Tomasino,Onsite,Combo,1 Birria + 1 Iced Tea
599,6048860,QuesaBirria,1,11/27/2025,5:26:07 PM,119,119,UST Tunog Tomasino,Onsite,Main,Birria
600,6048861,COMBO MEAL 2,1,11/27/2025,5:32:43 PM,249,249,UST Tunog Tomasino,Onsite,Combo,2 Birria + 1 Iced Tea
601,6048862,QuesaBirria,1,11/27/2025,5:34:37 PM,119,119,UST Tunog Tomasino,Onsite,Main,Birria
602,6048863,QuesaBirria,1,11/27/2025,5:37:06 PM,119,119,UST Tunog Tomasino,Onsite,Main,Birria
603,6048864,QuesaBirria,2,11/27/2025,5:38:03 PM,109.5,219,UST Tunog Tomasino,Onsite,Main,Birria
604,6048865,QuesaBirria,1,11/27/2025,5:40:12 PM,119,119,UST Tunog Tomasino,Onsite,Main,Birria
605,6048866,QuesaBirria,2,11/27/2025,5:43:45 PM,109.5,219,UST Tunog Tomasino,Onsite,Main,Birria
606,6048867,QuesaBirria,4,11/27/2025,5:56:58 PM,109.5,438,UST Tunog Tomasino,Onsite,Main,Birria
607,90201,QuesaBirria,2,11/28/2025,9:53:26 AM,109.5,219,UST Tunog Tomasino,Onsite,Main,Birria
608,90202,QuesaBirria,1,11/28/2025,9:53:26 AM,119,119,UST Tunog Tomasino,Onsite,Main,Birria
609,90203,QuesaBirria,1,11/28/2025,9:55:22 AM,119,119,UST Tunog Tomasino,Onsite,Main,Birria
610,90204,COMBO MEAL 1,1,11/28/2025,9:56:51 AM,149,149,UST Tunog Tomasino,Onsite,Combo,1 Birria + 1 Iced Tea
611,90205,QuesaBirria,2,11/28/2025,11:03:41 AM,109.5,219,UST Tunog Tomasino,Onsite,Main,Birria
612,90206,QuesaBirria,2,11/28/2025,11:08:46 AM,109.5,219,UST Tunog Tomasino,Onsite,Main,Birria
613,90207,QuesaBirria,6,11/28/2025,11:09:56 AM,109.5,657,UST Tunog Tomasino,Onsite,Main,Birria
614,90208,QuesaBirria,1,11/28/2025,11:12:10 AM,119,119,UST Tunog Tomasino,Onsite,Main,Birria
615,90209,QuesaBirria,2,11/28/2025,11:18:07 AM,109.5,219,UST Tunog Tomasino,Onsite,Main,Birria
616,90209,COMBO MEAL 1,1,11/28/2025,11:26:35 AM,149,149,UST Tunog Tomasino,Onsite,Combo,1 Birria + 1 Iced Tea
617,90210,QuesaBirria,2,11/28/2025,11:28:03 AM,109.5,219,UST Tunog Tomasino,Onsite,Main,Birria
618,90210,COMBO MEAL 1,1,11/28/2025,11:29:52 AM,149,149,UST Tunog Tomasino,Onsite,Combo,1 Birria + 1 Iced Tea
619,90211,QuesaBirria,2,11/28/2025,11:30:10 AM,109.5,219,UST Tunog Tomasino,Onsite,Main,Birria
620,90212,COMBO MEAL 2,1,11/28/2025,11:31:16 AM,249,249,UST Tunog Tomasino,Onsite,Combo,2 Birria + 1 Iced Tea
621,90213,QuesaBirria,2,11/28/2025,11:33:31 AM,109.5,219,UST Tunog Tomasino,Onsite,Main,Birria
622,90214,QuesaBirria,2,11/28/2025,11:34:44 AM,109.5,219,UST Tunog Tomasino,Onsite,Main,Birria
623,90215,QuesaBirria,2,11/28/2025,11:34:44 AM,109.5,219,UST Tunog Tomasino,Onsite,Main,Birria
624,90216,QuesaBirria,2,11/28/2025,11:36:02 AM,109.5,219,UST Tunog Tomasino,Onsite,Main,Birria
625,90217,QuesaBirria,1,11/28/2025,11:37:22 AM,119,119,UST Tunog Tomasino,Onsite,Main,Birria
626,90218,QuesaBirria,2,11/28/2025,11:45:30 AM,109.5,219,UST Tunog Tomasino,Onsite,Main,Birria
627,90219,COMBO MEAL 1,1,11/28/2025,11:46:36 AM,149,149,UST Tunog Tomasino,Onsite,Combo,1 Birria + 1 Iced Tea
628,90220,QuesaBirria,2,11/28/2025,11:46:51 AM,109.5,219,UST Tunog Tomasino,Onsite,Main,Birria
629,90221,QuesaBirria,2,11/28/2025,11:48:56 AM,109.5,219,UST Tunog Tomasino,Onsite,Main,Birria
630,90222,Iced Tea,1,11/28/2025,11:50:24 AM,40,40,UST Tunog Tomasino,Onsite,Beverage,Iced Tea
631,90223,QuesaBirria,2,11/28/2025,11:59:42 AM,109.5,219,UST Tunog Tomasino,Onsite,Main,Birria
632,90224,COMBO MEAL 1,1,11/28/2025,12:01:11 PM,149,149,UST Tunog Tomasino,Onsite,Combo,1 Birria + 1 Iced Tea
633,90225,COMBO MEAL 1,1,11/28/2025,12:03:38 PM,149,149,UST Tunog Tomasino,Onsite,Combo,1 Birria + 1 Iced Tea
634,90235,COMBO MEAL 1,1,11/28/2025,12:14:34 PM,149,149,UST Tunog Tomasino,Onsite,Combo,1 Birria + 1 Iced Tea
635,90235,QuesaBirria,2,11/28/2025,12:16:05 PM,109.5,219,UST Tunog Tomasino,Onsite,Main,Birria
636,90237,COMBO MEAL 1,1,11/28/2025,12:17:08 PM,149,149,UST Tunog Tomasino,Onsite,Combo,1 Birria + 1 Iced Tea
637,90238,COMBO MEAL 1,1,11/28/2025,12:17:52 PM,149,149,UST Tunog Tomasino,Onsite,Combo,1 Birria + 1 Iced Tea
638,90239,COMBO MEAL 1,1,11/28/2025,12:22:53 PM,149,149,UST Tunog Tomasino,Onsite,Combo,1 Birria + 1 Iced Tea
639,90240,QuesaBirria,2,11/28/2025,12:23:51 PM,109.5,219,UST Tunog Tomasino,Onsite,Main,Birria
640,90241,QuesaBirria,2,11/28/2025,12:30:32 PM,109.5,219,UST Tunog Tomasino,Onsite,Main,Birria
641,90242,QuesaBirria,1,11/28/2025,12:35:36 PM,119,119,UST Tunog Tomasino,Onsite,Main,Birria
642,90243,QuesaBirria,1,11/28/2025,12:39:40 PM,119,119,UST Tunog Tomasino,Onsite,Main,Birria
643,90244,QuesaBirria,2,11/28/2025,12:43:23 PM,109.5,219,UST Tunog Tomasino,Onsite,Main,Birria
644,90245,QuesaBirria,4,11/28/2025,12:43:23 PM,109.5,438,UST Tunog Tomasino,Onsite,Main,Birria
645,90246,QuesaBirria,4,11/28/2025,12:44:43 PM,109.5,438,UST Tunog Tomasino,Onsite,Main,Birria
646,90247,QuesaBirria,4,11/28/2025,12:46:39 PM,109.5,438,UST Tunog Tomasino,Onsite,Main,Birria
647,90248,QuesaBirria,2,11/28/2025,12:48:00 PM,109.5,219,UST Tunog Tomasino,Onsite,Main,Birria
648,90249,QuesaBirria,2,11/28/2025,12:58:38 PM,109.5,219,UST Tunog Tomasino,Onsite,Main,Birria
649,90250,QuesaBirria,2,11/28/2025,1:02:12 PM,109.5,219,UST Tunog Tomasino,Onsite,Main,Birria
650,550884,QuesaBirria,2,11/28/2025,1:04:09 PM,109.5,219,UST Tunog Tomasino,Onsite,Main,Birria
651,550885,QuesaBirria,2,11/28/2025,1:05:21 PM,109.5,219,UST Tunog Tomasino,Onsite,Main,Birria
652,550886,QuesaBirria,2,11/28/2025,1:13:26 PM,109.5,219,UST Tunog Tomasino,Onsite,Main,Birria
653,550887,QuesaBirria,1,11/28/2025,1:20:27 PM,119,119,UST Tunog Tomasino,Onsite,Main,Birria
654,550888,COMBO MEAL 2,1,11/28/2025,1:21:52 PM,249,249,UST Tunog Tomasino,Onsite,Combo,2 Birria + 1 Iced Tea
655,550889,QuesaBirria,1,11/28/2025,1:23:31 PM,119,119,UST Tunog Tomasino,Onsite,Main,Birria
656,550890,COMBO MEAL 1,1,11/28/2025,1:28:36 PM,149,149,UST Tunog Tomasino,Onsite,Combo,1 Birria + 1 Iced Tea
657,550891,QuesaBirria,2,11/28/2025,1:31:26 PM,109.5,219,UST Tunog Tomasino,Onsite,Main,Birria
658,550892,QuesaBirria,2,11/28/2025,1:34:08 PM,109.5,219,UST Tunog Tomasino,Onsite,Main,Birria
659,550893,COMBO MEAL 1,1,11/28/2025,1:34:40 PM,149,149,UST Tunog Tomasino,Onsite,Combo,1 Birria + 1 Iced Tea
660,550894,QuesaBirria,2,11/28/2025,1:38:06 PM,109.5,219,UST Tunog Tomasino,Onsite,Main,Birria
661,550895,QuesaBirria,2,11/28/2025,1:39:20 PM,109.5,219,UST Tunog Tomasino,Onsite,Main,Birria
662,550896,QuesaBirria,2,11/28/2025,1:40:06 PM,109.5,219,UST Tunog Tomasino,Onsite,Main,Birria
663,550897,COMBO MEAL 2,1,11/28/2025,1:44:28 PM,249,249,UST Tunog Tomasino,Onsite,Combo,2 Birria + 1 Iced Tea
664,550898,COMBO MEAL 2,1,11/28/2025,1:52:40 PM,249,249,UST Tunog Tomasino,Onsite,Combo,2 Birria + 1 Iced Tea
665,550899,Iced Tea,3,11/28/2025,1:54:14 PM,40,120,UST Tunog Tomasino,Onsite,Beverage,Iced Tea
666,550900,Iced Tea,1,11/28/2025,1:56:09 PM,40,40,UST Tunog Tomasino,Onsite,Beverage,Iced Tea
667,550907,QuesaBirria,2,11/28/2025,2:03:42 PM,109.5,219,UST Tunog Tomasino,Onsite,Main,Birria
668,550908,QuesaBirria,2,11/28/2025,2:05:03 PM,109.5,219,UST Tunog Tomasino,Onsite,Main,Birria
669,550910,COMBO MEAL 1,1,11/28/2025,2:11:34 PM,149,149,UST Tunog Tomasino,Onsite,Combo,1 Birria + 1 Iced Tea
670,550911,QuesaBirria,4,11/28/2025,2:20:52 PM,109.5,350.4,UST Tunog Tomasino,Onsite,Main,Birria
671,550912,QuesaBirria,2,11/28/2025,2:22:35 PM,109.5,219,UST Tunog Tomasino,Onsite,Main,Birria
672,550913,Iced Tea,2,11/28/2025,2:33:32 PM,40,80,UST Tunog Tomasino,Onsite,Beverage,Iced Tea
673,550914,COMBO MEAL 2,1,11/28/2025,2:36:58 PM,249,249,UST Tunog Tomasino,Onsite,Combo,2 Birria + 1 Iced Tea
674,550915,QuesaBirria,4,11/28/2025,2:37:28 PM,109.5,438,UST Tunog Tomasino,Onsite,Main,Birria
675,550916,COMBO MEAL 1,1,11/28/2025,2:46:47 PM,149,149,UST Tunog Tomasino,Onsite,Combo,1 Birria + 1 Iced Tea
676,550916,QuesaBirria,2,11/28/2025,2:47:52 PM,109.5,219,UST Tunog Tomasino,Onsite,Main,Birria
677,550917,COMBO MEAL 1,1,11/28/2025,2:49:32 PM,149,149,UST Tunog Tomasino,Onsite,Combo,1 Birria + 1 Iced Tea
678,550918,QuesaBirria,2,11/28/2025,2:50:34 PM,109.5,219,UST Tunog Tomasino,Onsite,Main,Birria
679,550919,QuesaBirria,2,11/28/2025,2:50:34 PM,109.5,219,UST Tunog Tomasino,Onsite,Main,Birria
680,550920,QuesaBirria,2,11/28/2025,2:53:04 PM,109.5,219,UST Tunog Tomasino,Onsite,Main,Birria
681,550921,QuesaBirria,2,11/28/2025,2:53:04 PM,109.5,219,UST Tunog Tomasino,Onsite,Main,Birria
682,550922,Iced Tea,1,11/28/2025,2:57:12 PM,40,40,UST Tunog Tomasino,Onsite,Beverage,Iced Tea
683,5995576,QuesaBirria,1,11/28/2025,2:57:40 PM,119,119,UST Tunog Tomasino,Onsite,Main,Birria
684,5995577,QuesaBirria,4,11/28/2025,3:01:24 PM,109.5,438,UST Tunog Tomasino,Onsite,Main,Birria
685,5995578,QuesaBirria,3,11/28/2025,3:03:21 PM,112.67,338,UST Tunog Tomasino,Onsite,Main,Birria
686,5995579,QuesaBirria,4,11/28/2025,3:07:43 PM,109.5,438,UST Tunog Tomasino,Onsite,Main,Birria
687,5995580,QuesaBirria,2,11/28/2025,3:10:39 PM,109.5,219,UST Tunog Tomasino,Onsite,Main,Birria
688,5995581,QuesaBirria,2,11/28/2025,3:11:52 PM,109.5,219,UST Tunog Tomasino,Onsite,Main,Birria
689,5995582,COMBO MEAL 1,1,11/28/2025,3:13:55 PM,149,149,UST Tunog Tomasino,Onsite,Combo,1 Birria + 1 Iced Tea
690,5995583,QuesaBirria,1,11/28/2025,3:15:59 PM,119,119,UST Tunog Tomasino,Onsite,Main,Birria
691,5995584,COMBO MEAL 1,1,11/28/2025,3:17:43 PM,149,149,UST Tunog Tomasino,Onsite,Combo,1 Birria + 1 Iced Tea
692,5995585,COMBO MEAL 1,2,11/28/2025,3:23:39 PM,149,298,UST Tunog Tomasino,Onsite,Combo,1 Birria + 1 Iced Tea
693,5995586,QuesaBirria,2,11/28/2025,3:23:56 PM,109.5,219,UST Tunog Tomasino,Onsite,Main,Birria
694,5995587,COMBO MEAL 2,1,11/28/2025,3:25:10 PM,249,249,UST Tunog Tomasino,Onsite,Combo,2 Birria + 1 Iced Tea
695,5995588,COMBO MEAL 1,1,11/28/2025,3:26:45 PM,149,149,UST Tunog Tomasino,Onsite,Combo,1 Birria + 1 Iced Tea
696,5995589,QuesaBirria,2,11/28/2025,3:30:52 PM,109.5,219,UST Tunog Tomasino,Onsite,Main,Birria
697,5995590,QuesaBirria,6,11/28/2025,3:31:28 PM,109.5,657,UST Tunog Tomasino,Onsite,Main,Birria
698,5995591,COMBO MEAL 2,1,11/28/2025,3:42:58 PM,249,249,UST Tunog Tomasino,Onsite,Combo,2 Birria + 1 Iced Tea
699,5995592,QuesaBirria,1,11/28/2025,3:50:10 PM,119,119,UST Tunog Tomasino,Onsite,Main,Birria
700,5995593,QuesaBirria,2,11/28/2025,3:50:43 PM,109.5,219,UST Tunog Tomasino,Onsite,Main,Birria
701,5995594,COMBO MEAL 2,1,11/28/2025,3:53:55 PM,249,249,UST Tunog Tomasino,Onsite,Combo,2 Birria + 1 Iced Tea
702,5995595,COMBO MEAL 2,1,11/28/2025,3:54:21 PM,249,249,UST Tunog Tomasino,Onsite,Combo,2 Birria + 1 Iced Tea
703,5995596,COMBO MEAL 1,3,11/28/2025,4:07:34 PM,149,447,UST Tunog Tomasino,Onsite,Combo,1 Birria + 1 Iced Tea
704,5995597,COMBO MEAL 1,2,11/28/2025,4:08:18 PM,149,298,UST Tunog Tomasino,Onsite,Combo,1 Birria + 1 Iced Tea
705,5995598,COMBO MEAL 1,1,11/28/2025,4:14:16 PM,149,149,UST Tunog Tomasino,Onsite,Combo,1 Birria + 1 Iced Tea
706,5995599,COMBO MEAL 2,1,11/28/2025,4:17:56 PM,249,249,UST Tunog Tomasino,Onsite,Combo,2 Birria + 1 Iced Tea
707,5995600,COMBO MEAL 2,1,11/28/2025,4:21:59 PM,249,249,UST Tunog Tomasino,Onsite,Combo,2 Birria + 1 Iced Tea
708,5995600,QuesaBirria,2,11/28/2025,4:24:06 PM,109.5,219,UST Tunog Tomasino,Onsite,Main,Birria
709,5995601,QuesaBirria,2,11/28/2025,4:25:17 PM,109.5,219,UST Tunog Tomasino,Onsite,Main,Birria
710,5995602,COMBO MEAL 1,1,11/28/2025,4:28:53 PM,149,149,UST Tunog Tomasino,Onsite,Combo,1 Birria + 1 Iced Tea
711,5995603,COMBO MEAL 1,1,11/28/2025,4:29:21 PM,149,149,UST Tunog Tomasino,Onsite,Combo,1 Birria + 1 Iced Tea
712,5995604,QuesaBirria,4,11/28/2025,4:32:00 PM,109.5,438,UST Tunog Tomasino,Onsite,Main,Birria
713,5995605,QuesaBirria,2,11/28/2025,4:33:27 PM,109.5,219,UST Tunog Tomasino,Onsite,Main,Birria
714,5995606,QuesaBirria,2,11/28/2025,4:36:07 PM,109.5,219,UST Tunog Tomasino,Onsite,Main,Birria
715,5995607,QuesaBirria,1,11/28/2025,4:37:06 PM,119,119,UST Tunog Tomasino,Onsite,Main,Birria
716,5995608,QuesaBirria,2,11/28/2025,4:39:11 PM,109.5,219,UST Tunog Tomasino,Onsite,Main,Birria
717,5995609,QuesaBirria,1,11/28/2025,4:43:51 PM,119,119,UST Tunog Tomasino,Onsite,Main,Birria
718,5995610,QuesaBirria,2,11/28/2025,4:48:36 PM,109.5,219,UST Tunog Tomasino,Onsite,Main,Birria
719,5995611,QuesaBirria,1,11/28/2025,4:48:36 PM,119,119,UST Tunog Tomasino,Onsite,Main,Birria
720,5995612,QuesaBirria,2,11/28/2025,4:49:44 PM,119,238,UST Tunog Tomasino,Onsite,Main,Birria
721,5995613,COMBO MEAL 2,1,11/28/2025,4:50:34 PM,249,249,UST Tunog Tomasino,Onsite,Combo,2 Birria + 1 Iced Tea
722,5995614,COMBO MEAL 2,1,11/28/2025,4:50:44 PM,249,249,UST Tunog Tomasino,Onsite,Combo,2 Birria + 1 Iced Tea
723,5995615,QuesaBirria,2,11/28/2025,4:51:58 PM,109.5,219,UST Tunog Tomasino,Onsite,Main,Birria
724,5995616,COMBO MEAL 2,1,11/28/2025,4:53:31 PM,249,249,UST Tunog Tomasino,Onsite,Combo,2 Birria + 1 Iced Tea
725,5995617,QuesaBirria,1,11/28/2025,4:54:42 PM,119,119,UST Tunog Tomasino,Onsite,Main,Birria
726,5995618,QuesaBirria,1,11/28/2025,4:57:20 PM,119,119,UST Tunog Tomasino,Onsite,Main,Birria
727,5995619,QuesaBirria,2,11/28/2025,4:58:36 PM,109.5,219,UST Tunog Tomasino,Onsite,Main,Birria
728,5995620,QuesaBirria,2,11/28/2025,4:59:49 PM,109.5,219,UST Tunog Tomasino,Onsite,Main,Birria
729,5995621,QuesaBirria,2,11/28/2025,5:00:34 PM,109.5,219,UST Tunog Tomasino,Onsite,Main,Birria
730,5995622,QuesaBirria,2,11/28/2025,5:02:05 PM,109.5,219,UST Tunog Tomasino,Onsite,Main,Birria
731,5995623,QuesaBirria,2,11/28/2025,5:02:34 PM,109.5,219,UST Tunog Tomasino,Onsite,Main,Birria
732,5995625,QuesaBirria,1,11/28/2025,5:03:35 PM,119,119,UST Tunog Tomasino,Onsite,Main,Birria
733,5996351,QuesaBirria,2,11/28/2025,5:04:10 PM,109.5,219,UST Tunog Tomasino,Onsite,Main,Birria
734,5996352,COMBO MEAL 2,1,11/28/2025,5:04:26 PM,249,249,UST Tunog Tomasino,Onsite,Combo,2 Birria + 1 Iced Tea
735,5996353,COMBO MEAL 2,1,11/28/2025,5:04:33 PM,249,249,UST Tunog Tomasino,Onsite,Combo,2 Birria + 1 Iced Tea
736,5996353,Iced Tea,1,11/28/2025,5:07:10 PM,40,40,UST Tunog Tomasino,Onsite,Beverage,Iced Tea
737,5996354,COMBO MEAL 2,1,11/28/2025,5:07:46 PM,249,249,UST Tunog Tomasino,Onsite,Combo,2 Birria + 1 Iced Tea
738,5996355,QuesaBirria,4,11/28/2025,5:11:14 PM,109.5,438,UST Tunog Tomasino,Onsite,Main,Birria
739,5996356,QuesaBirria,2,11/28/2025,5:13:47 PM,109.5,219,UST Tunog Tomasino,Onsite,Main,Birria
740,5996357,COMBO MEAL 2,1,11/28/2025,5:15:55 PM,249,249,UST Tunog Tomasino,Onsite,Combo,2 Birria + 1 Iced Tea
741,5996358,COMBO MEAL 2,1,11/28/2025,5:15:55 PM,249,249,UST Tunog Tomasino,Onsite,Combo,2 Birria + 1 Iced Tea
742,5996359,QuesaBirria,2,11/28/2025,5:16:49 PM,109.5,219,UST Tunog Tomasino,Onsite,Main,Birria
743,5996360,QuesaBirria,2,11/28/2025,5:19:41 PM,109.5,219,UST Tunog Tomasino,Onsite,Main,Birria
744,5996361,COMBO MEAL 2,1,11/28/2025,5:21:08 PM,249,249,UST Tunog Tomasino,Onsite,Combo,2 Birria + 1 Iced Tea
745,5996362,QuesaBirria,2,11/28/2025,5:23:09 PM,109.5,219,UST Tunog Tomasino,Onsite,Main,Birria
746,5996363,COMBO MEAL 2,2,11/28/2025,5:24:07 PM,249,498,UST Tunog Tomasino,Onsite,Combo,2 Birria + 1 Iced Tea
747,5996364,QuesaBirria,2,11/28/2025,5:25:33 PM,109.5,219,UST Tunog Tomasino,Onsite,Main,Birria
748,5996365,COMBO MEAL 2,2,11/28/2025,5:26:56 PM,249,498,UST Tunog Tomasino,Onsite,Combo,2 Birria + 1 Iced Tea
749,5996366,Iced Tea,1,11/28/2025,5:28:00 PM,40,40,UST Tunog Tomasino,Onsite,Beverage,Iced Tea
750,5996367,COMBO MEAL 2,1,11/28/2025,5:28:53 PM,249,249,UST Tunog Tomasino,Onsite,Combo,2 Birria + 1 Iced Tea
751,5996368,QuesaBirria,2,11/28/2025,5:29:57 PM,109.5,219,UST Tunog Tomasino,Onsite,Main,Birria
752,5996369,COMBO MEAL 2,1,11/28/2025,5:31:09 PM,249,249,UST Tunog Tomasino,Onsite,Combo,2 Birria + 1 Iced Tea
753,5996370,QuesaBirria,4,11/28/2025,5:33:33 PM,109.5,438,UST Tunog Tomasino,Onsite,Main,Birria
754,5996371,QuesaBirria,1,11/28/2025,5:34:19 PM,119,119,UST Tunog Tomasino,Onsite,Main,Birria
755,5996372,QuesaBirria,2,11/28/2025,5:35:56 PM,109.5,219,UST Tunog Tomasino,Onsite,Main,Birria
756,5996373,QuesaBirria,2,11/28/2025,5:37:03 PM,109.5,219,UST Tunog Tomasino,Onsite,Main,Birria
757,5996374,QuesaBirria,2,11/28/2025,5:38:57 PM,109.5,219,UST Tunog Tomasino,Onsite,Main,Birria
758,5996375,QuesaBirria,2,11/28/2025,5:42:26 PM,109.5,219,UST Tunog Tomasino,Onsite,Main,Birria
759,6490801,QuesaBirria,2,11/28/2025,5:42:59 PM,109.5,219,UST Tunog Tomasino,Onsite,Main,Birria
760,6490802,COMBO MEAL 2,2,11/28/2025,5:45:09 PM,249,498,UST Tunog Tomasino,Onsite,Combo,2 Birria + 1 Iced Tea
761,6490803,QuesaBirria,2,11/28/2025,5:49:45 PM,109.5,219,UST Tunog Tomasino,Onsite,Main,Birria
762,6490804,COMBO MEAL 2,1,11/28/2025,5:51:26 PM,249,249,UST Tunog Tomasino,Onsite,Combo,2 Birria + 1 Iced Tea
763,6490805,COMBO MEAL 2,1,11/28/2025,5:52:13 PM,249,249,UST Tunog Tomasino,Onsite,Combo,2 Birria + 1 Iced Tea
764,6490806,COMBO MEAL 1,1,11/28/2025,5:54:09 PM,149,149,UST Tunog Tomasino,Onsite,Combo,1 Birria + 1 Iced Tea
765,6490807,COMBO MEAL 2,1,11/28/2025,5:56:35 PM,249,249,UST Tunog Tomasino,Onsite,Combo,2 Birria + 1 Iced Tea
766,6490808,QuesaBirria,1,11/28/2025,6:00:50 PM,119,119,UST Tunog Tomasino,Onsite,Main,Birria
767,6490826,QuesaBirria,2,11/28/2025,6:01:47 PM,109.5,219,UST Tunog Tomasino,Onsite,Main,Birria
768,6490827,QuesaBirria,1,11/28/2025,6:04:29 PM,119,119,UST Tunog Tomasino,Onsite,Main,Birria
769,6490828,Iced Tea,2,11/28/2025,6:09:47 PM,40,80,UST Tunog Tomasino,Onsite,Beverage,Iced Tea
770,6490829,QuesaBirria,1,11/28/2025,6:16:57 PM,119,119,UST Tunog Tomasino,Onsite,Main,Birria
771,6490830,COMBO MEAL 1,1,11/28/2025,6:19:42 PM,149,149,UST Tunog Tomasino,Onsite,Combo,1 Birria + 1 Iced Tea
772,6490831,QuesaBirria,1,11/28/2025,6:44:12 PM,119,119,UST Tunog Tomasino,Onsite,Main,Birria
773,6490832,COMBO MEAL 1,1,11/28/2025,6:45:18 PM,149,149,UST Tunog Tomasino,Onsite,Combo,1 Birria + 1 Iced Tea
774,6490833,QuesaBirria,1,11/28/2025,6:47:50 PM,119,119,UST Tunog Tomasino,Onsite,Main,Birria
775,6490834,QuesaBirria,2,11/28/2025,6:47:50 PM,109.5,219,UST Tunog Tomasino,Onsite,Main,Birria
776,6490835,QuesaBirria,2,11/28/2025,6:49:05 PM,109.5,219,UST Tunog Tomasino,Onsite,Main,Birria
777,6490836,QuesaBirria,2,11/28/2025,6:55:37 PM,109.5,219,UST Tunog Tomasino,Onsite,Main,Birria
778,6490837,COMBO MEAL 2,1,11/28/2025,6:56:43 PM,249,249,UST Tunog Tomasino,Onsite,Combo,2 Birria + 1 Iced Tea
779,6490839,QuesaBirria,2,11/28/2025,6:59:47 PM,109.5,219,UST Tunog Tomasino,Onsite,Main,Birria
780,6490840,QuesaBirria,2,11/28/2025,7:00:05 PM,109.5,219,UST Tunog Tomasino,Onsite,Main,Birria
781,6490841,QuesaBirria,2,11/28/2025,7:01:30 PM,109.5,219,UST Tunog Tomasino,Onsite,Main,Birria
782,6490842,COMBO MEAL 1,1,11/28/2025,7:02:36 PM,149,149,UST Tunog Tomasino,Onsite,Combo,1 Birria + 1 Iced Tea
783,6490843,QuesaBirria,4,11/28/2025,7:04:40 PM,109.5,438,UST Tunog Tomasino,Onsite,Main,Birria
784,6490844,COMBO MEAL 1,1,11/28/2025,7:29:05 PM,149,149,UST Tunog Tomasino,Onsite,Combo,1 Birria + 1 Iced Tea
785,6490845,QuesaBirria,2,11/28/2025,7:31:03 PM,109.5,219,UST Tunog Tomasino,Onsite,Main,Birria
786,6490846,QuesaBirria,2,11/28/2025,7:34:15 PM,109.5,219,UST Tunog Tomasino,Onsite,Main,Birria
787,6490847,COMBO MEAL 2,1,11/28/2025,7:38:57 PM,249,249,UST Tunog Tomasino,Onsite,Combo,2 Birria + 1 Iced Tea
788,6490848,COMBO MEAL 2,1,11/28/2025,7:40:13 PM,249,249,UST Tunog Tomasino,Onsite,Combo,2 Birria + 1 Iced Tea
789,6490850,COMBO MEAL 1,1,11/28/2025,7:41:15 PM,149,149,UST Tunog Tomasino,Onsite,Combo,1 Birria + 1 Iced Tea
790,6490850,Iced Tea,1,11/28/2025,7:44:56 PM,40,40,UST Tunog Tomasino,Onsite,Beverage,Iced Tea
791,90476,QuesaBirria,4,11/29/2025,5:11:14 PM,109.5,438,Beach House Taft,Onsite,Main,Birria
792,90477,QuesaBirria,4,11/29/2025,5:13:47 PM,109.5,438,Beach House Taft,Onsite,Main,Birria
793,90478,QuesaBirria,2,11/29/2025,5:15:55 PM,109.5,219,Beach House Taft,Onsite,Main,Birria
794,90479,QuesaBirria,5,11/29/2025,5:15:55 PM,111.4,557,Beach House Taft,Onsite,Main,Birria
795,90480,QuesaBirria,1,11/29/2025,5:16:49 PM,119,119,Beach House Taft,Onsite,Main,Birria
796,90481,QuesaBirria,1,11/29/2025,5:19:41 PM,119,119,Beach House Taft,Onsite,Main,Birria
797,90482,QuesaBirria,6,11/29/2025,5:21:08 PM,109.5,657,Beach House Taft,Onsite,Main,Birria
798,90483,QuesaBirria,2,11/29/2025,5:23:09 PM,109.5,219,Beach House Taft,Onsite,Main,Birria
799,90484,QuesaBirria,1,11/29/2025,5:24:07 PM,119,119,Beach House Taft,Onsite,Main,Birria
800,90485,QuesaBirria,6,11/29/2025,5:25:33 PM,109.5,657,Beach House Taft,Onsite,Main,Birria
801,90486,QuesaBirria,2,11/29/2025,5:26:56 PM,109.5,219,Beach House Taft,Onsite,Main,Birria
802,90487,QuesaBirria,10,11/29/2025,5:28:00 PM,109.5,1095,Beach House Taft,Onsite,Main,Birria
803,90488,QuesaBirria,2,11/29/2025,5:28:53 PM,109.5,219,Beach House Taft,Onsite,Main,Birria
804,90489,QuesaBirria,2,11/29/2025,5:29:57 PM,109.5,219,Beach House Taft,Onsite,Main,Birria
805,90490,QuesaBirria,14,11/29/2025,5:31:09 PM,109.5,1533,Beach House Taft,Onsite,Main,Birria
806,90491,QuesaBirria,2,11/29/2025,5:33:33 PM,109.5,219,Beach House Taft,Onsite,Main,Birria
807,90492,QuesaBirria,2,11/29/2025,5:34:19 PM,109.5,219,Beach House Taft,Onsite,Main,Birria
808,90493,QuesaBirria,2,11/29/2025,5:35:56 PM,109.5,219,Beach House Taft,Onsite,Main,Birria
809,90494,QuesaBirria,4,11/29/2025,5:37:03 PM,114.25,457,Beach House Taft,Onsite,Main,Birria
810,90495,QuesaBirria,1,11/29/2025,5:38:57 PM,119,119,Beach House Taft,Onsite,Main,Birria
811,90496,QuesaBirria,4,11/29/2025,5:42:26 PM,114.25,457,Beach House Taft,Onsite,Main,Birria
812,90497,QuesaBirria,2,11/29/2025,5:42:59 PM,109.5,219,Beach House Taft,Onsite,Main,Birria
813,90498,QuesaBirria,2,11/29/2025,5:45:09 PM,109.5,219,Beach House Taft,Onsite,Main,Birria
814,90499,QuesaBirria,10,11/29/2025,5:49:45 PM,109.5,1095,Beach House Taft,Onsite,Main,Birria
815,90500,QuesaBirria,2,11/29/2025,5:51:26 PM,109.5,219,Beach House Taft,Onsite,Main,Birria
816,90501,QuesaBirria,4,11/29/2025,5:52:13 PM,114.25,457,Beach House Taft,Onsite,Main,Birria
817,90502,QuesaBirria,1,11/29/2025,5:54:09 PM,119,119,Beach House Taft,Onsite,Main,Birria
818,90503,QuesaBirria,6,11/29/2025,5:56:35 PM,109.5,657,Beach House Taft,Onsite,Main,Birria
819,90504,QuesaBirria,2,11/29/2025,6:00:50 PM,109.5,219,Beach House Taft,Onsite,Main,Birria
820,90505,QuesaBirria,1,11/29/2025,6:01:47 PM,119,119,Beach House Taft,Onsite,Main,Birria
821,90506,QuesaBirria,2,11/29/2025,6:04:29 PM,109.5,219,Beach House Taft,Onsite,Main,Birria
822,90507,QuesaBirria,4,11/29/2025,6:09:47 PM,114.25,457,Beach House Taft,Onsite,Main,Birria
823,90508,QuesaBirria,2,11/29/2025,6:16:57 PM,109.5,219,Beach House Taft,Onsite,Main,Birria
824,90509,QuesaBirria,1,11/29/2025,6:19:42 PM,119,119,Beach House Taft,Onsite,Main,Birria
825,90510,QuesaBirria,2,11/29/2025,6:44:12 PM,109.5,219,Beach House Taft,Onsite,Main,Birria
826,90511,QuesaBirria,6,11/29/2025,6:45:18 PM,109.5,657,Beach House Taft,Onsite,Main,Birria
827,90512,QuesaBirria,2,11/29/2025,6:47:50 PM,109.5,219,Beach House Taft,Onsite,Main,Birria
828,90513,QuesaBirria,1,11/29/2025,6:47:50 PM,119,119,Beach House Taft,Onsite,Main,Birria
829,90514,QuesaBirria,4,11/29/2025,6:49:05 PM,114.25,457,Beach House Taft,Onsite,Main,Birria
830,90515,QuesaBirria,1,11/29/2025,6:55:37 PM,119,119,Beach House Taft,Onsite,Main,Birria
831,90516,QuesaBirria,2,11/29/2025,6:56:43 PM,109.5,219,Beach House Taft,Onsite,Main,Birria
832,90517,QuesaBirria,3,11/29/2025,6:59:47 PM,112.67,338,Beach House Taft,Onsite,Main,Birria
833,90518,QuesaBirria,3,11/29/2025,7:00:05 PM,112.67,338,Beach House Taft,Onsite,Main,Birria
834,90519,QuesaBirria,1,11/29/2025,7:01:30 PM,119,119,Beach House Taft,Onsite,Main,Birria
835,90520,QuesaBirria,4,11/29/2025,7:02:36 PM,114.25,457,Beach House Taft,Onsite,Main,Birria
836,90521,QuesaBirria,1,11/29/2025,7:04:40 PM,119,119,Beach House Taft,Onsite,Main,Birria
837,90522,QuesaBirria,6,11/29/2025,7:29:05 PM,109.5,657,Beach House Taft,Onsite,Main,Birria
838,90523,QuesaBirria,2,11/29/2025,7:31:03 PM,109.5,219,Beach House Taft,Onsite,Main,Birria
839,90524,QuesaBirria,4,11/29/2025,7:34:15 PM,114.25,457,Beach House Taft,Onsite,Main,Birria
840,90525,QuesaBirria,2,11/29/2025,7:38:57 PM,109.5,219,Beach House Taft,Onsite,Main,Birria
841,90251,QuesaBirria,2,12/3/2025,11:48:12 AM,109.5,219,UST PopUp Village,Onsite,Main,Birria
842,90252,QuesaBirria,2,12/3/2025,11:50:05 AM,109.5,219,UST PopUp Village,Onsite,Main,Birria
843,90253,QuesaBirria,2,12/3/2025,11:50:28 AM,109.5,219,UST PopUp Village,Onsite,Main,Birria
844,90254,QuesaBirria,1,12/3/2025,11:51:49 AM,119,119,UST PopUp Village,Onsite,Main,Birria
845,90255,QuesaBirria,2,12/3/2025,11:52:18 AM,119,238,UST PopUp Village,Onsite,Main,Birria
846,90256,QuesaBirria,2,12/3/2025,11:53:16 AM,109.5,219,UST PopUp Village,Onsite,Main,Birria
847,90257,QuesaBirria,3,12/3/2025,11:54:12 AM,112.67,338,UST PopUp Village,Onsite,Main,Birria
848,90258,QuesaBirria,2,12/3/2025,11:55:34 AM,109.5,219,UST PopUp Village,Onsite,Main,Birria
849,90259,QuesaBirria,2,12/3/2025,11:56:07 AM,109.5,219,UST PopUp Village,Onsite,Main,Birria
850,90260,QuesaBirria,2,12/3/2025,12:02:13 PM,109.5,219,UST PopUp Village,Onsite,Main,Birria
851,90261,QuesaBirria,1,12/3/2025,12:04:43 PM,119,119,UST PopUp Village,Onsite,Main,Birria
852,90262,QuesaBirria,4,12/3/2025,12:05:25 PM,109.5,438,UST PopUp Village,Onsite,Main,Birria
853,90263,QuesaBirria,2,12/3/2025,12:11:49 PM,109.5,219,UST PopUp Village,Onsite,Main,Birria
854,90264,QuesaBirria,1,12/3/2025,12:13:07 PM,119,119,UST PopUp Village,Onsite,Main,Birria
855,90265,QuesaBirria,1,12/3/2025,12:13:58 PM,119,119,UST PopUp Village,Onsite,Main,Birria
856,90266,QuesaBirria,1,12/3/2025,12:16:00 PM,119,119,UST PopUp Village,Onsite,Main,Birria
857,90267,QuesaBirria,1,12/3/2025,12:17:06 PM,119,119,UST PopUp Village,Onsite,Main,Birria
858,90268,QuesaBirria,2,12/3/2025,12:17:43 PM,109.5,219,UST PopUp Village,Onsite,Main,Birria
859,90269,QuesaBirria,2,12/3/2025,12:18:29 PM,109.5,219,UST PopUp Village,Onsite,Main,Birria
860,90270,QuesaBirria,4,12/3/2025,12:22:38 PM,109.5,438,UST PopUp Village,Onsite,Main,Birria
861,90271,QuesaBirria,1,12/3/2025,12:23:33 PM,119,119,UST PopUp Village,Onsite,Main,Birria
862,90272,QuesaBirria,2,12/3/2025,12:29:43 PM,109.5,219,UST PopUp Village,Onsite,Main,Birria
863,90273,QuesaBirria,1,12/3/2025,12:30:39 PM,119,119,UST PopUp Village,Onsite,Main,Birria
864,90274,QuesaBirria,1,12/3/2025,12:48:06 PM,119,119,UST PopUp Village,Onsite,Main,Birria
865,90275,QuesaBirria,2,12/3/2025,12:52:57 PM,109.5,219,UST PopUp Village,Onsite,Main,Birria
866,90276,QuesaBirria,2,12/3/2025,1:00:07 PM,109.5,219,UST PopUp Village,Onsite,Main,Birria
867,90277,QuesaBirria,2,12/3/2025,1:05:47 PM,109.5,219,UST PopUp Village,Onsite,Main,Birria
868,90278,QuesaBirria,1,12/3/2025,1:06:40 PM,119,119,UST PopUp Village,Onsite,Main,Birria
869,90279,QuesaBirria,1,12/3/2025,1:12:00 PM,119,119,UST PopUp Village,Onsite,Main,Birria
870,90280,QuesaBirria,2,12/3/2025,1:12:00 PM,109.5,219,UST PopUp Village,Onsite,Main,Birria
871,90281,QuesaBirria,3,12/3/2025,1:12:09 PM,112.67,338,UST PopUp Village,Onsite,Main,Birria
872,90282,QuesaBirria,2,12/3/2025,1:20:31 PM,109.5,219,UST PopUp Village,Onsite,Main,Birria
873,90283,QuesaBirria,2,12/3/2025,1:23:34 PM,109.5,219,UST PopUp Village,Onsite,Main,Birria
874,90284,QuesaBirria,2,12/3/2025,1:27:45 PM,119,238,UST PopUp Village,Onsite,Main,Birria
875,90285,QuesaBirria,2,12/3/2025,1:37:23 PM,119,238,UST PopUp Village,Onsite,Main,Birria
876,90286,QuesaBirria,1,12/3/2025,2:06:38 PM,119,119,UST PopUp Village,Onsite,Main,Birria
877,90287,QuesaBirria,4,12/3/2025,2:14:52 PM,109.5,438,UST PopUp Village,Onsite,Main,Birria
878,90288,QuesaBirria,2,12/3/2025,2:18:33 PM,109.5,219,UST PopUp Village,Onsite,Main,Birria
879,90289,QuesaBirria,1,12/3/2025,2:20:32 PM,119,119,UST PopUp Village,Onsite,Main,Birria
880,90290,QuesaBirria,1,12/3/2025,2:21:58 PM,119,119,UST PopUp Village,Onsite,Main,Birria
881,90291,QuesaBirria,2,12/3/2025,2:28:44 PM,109.5,219,UST PopUp Village,Onsite,Main,Birria
882,90292,QuesaBirria,2,12/3/2025,2:29:38 PM,109.5,219,UST PopUp Village,Onsite,Main,Birria
883,90293,QuesaBirria,1,12/3/2025,2:39:22 PM,119,119,UST PopUp Village,Onsite,Main,Birria
884,90294,QuesaBirria,2,12/3/2025,2:42:52 PM,109.5,219,UST PopUp Village,Onsite,Main,Birria
885,90295,QuesaBirria,2,12/3/2025,2:47:17 PM,109.5,219,UST PopUp Village,Onsite,Main,Birria
886,90296,QuesaBirria,2,12/3/2025,2:50:22 PM,109.5,219,UST PopUp Village,Onsite,Main,Birria
887,90297,QuesaBirria,2,12/3/2025,2:53:26 PM,109.5,219,UST PopUp Village,Onsite,Main,Birria
888,90298,QuesaBirria,2,12/3/2025,3:04:11 PM,109.5,219,UST PopUp Village,Onsite,Main,Birria
889,90299,QuesaBirria,2,12/3/2025,3:04:56 PM,109.5,219,UST PopUp Village,Onsite,Main,Birria
890,90300,QuesaBirria,2,12/3/2025,3:06:08 PM,109.5,219,UST PopUp Village,Onsite,Main,Birria
891,90301,QuesaBirria,2,12/3/2025,3:12:35 PM,109.5,219,UST PopUp Village,Onsite,Main,Birria
892,90302,QuesaBirria,2,12/3/2025,3:18:28 PM,109.5,219,UST PopUp Village,Onsite,Main,Birria
893,90303,QuesaBirria,2,12/3/2025,3:18:28 PM,109.5,219,UST PopUp Village,Onsite,Main,Birria
894,90304,QuesaBirria,2,12/3/2025,3:28:00 PM,109.5,219,UST PopUp Village,Onsite,Main,Birria
895,90305,QuesaBirria,3,12/3/2025,3:32:43 PM,112.67,338,UST PopUp Village,Onsite,Main,Birria
896,90306,QuesaBirria,2,12/3/2025,3:49:06 PM,109.5,219,UST PopUp Village,Onsite,Main,Birria
897,90307,QuesaBirria,2,12/3/2025,3:49:59 PM,109.5,219,UST PopUp Village,Onsite,Main,Birria
898,90308,QuesaBirria,2,12/3/2025,3:54:29 PM,109.5,219,UST PopUp Village,Onsite,Main,Birria
899,90309,QuesaBirria,2,12/3/2025,3:58:15 PM,109.5,219,UST PopUp Village,Onsite,Main,Birria
900,90310,QuesaBirria,2,12/3/2025,4:03:47 PM,109.5,219,UST PopUp Village,Onsite,Main,Birria
901,90311,QuesaBirria,2,12/3/2025,4:09:14 PM,109.5,219,UST PopUp Village,Onsite,Main,Birria
902,90312,QuesaBirria,4,12/3/2025,4:13:03 PM,109.5,438,UST PopUp Village,Onsite,Main,Birria
903,90313,QuesaBirria,2,12/3/2025,4:15:51 PM,109.5,219,UST PopUp Village,Onsite,Main,Birria
904,90314,QuesaBirria,4,12/3/2025,4:15:51 PM,109.5,438,UST PopUp Village,Onsite,Main,Birria
905,90315,QuesaBirria,2,12/3/2025,4:22:27 PM,109.5,219,UST PopUp Village,Onsite,Main,Birria
906,90316,QuesaBirria,1,12/3/2025,4:25:49 PM,119,119,UST PopUp Village,Onsite,Main,Birria
907,90317,QuesaBirria,2,12/3/2025,4:28:04 PM,109.5,219,UST PopUp Village,Onsite,Main,Birria
908,90318,QuesaBirria,2,12/3/2025,4:33:01 PM,109.5,219,UST PopUp Village,Onsite,Main,Birria
909,90319,QuesaBirria,2,12/3/2025,4:38:05 PM,109.5,219,UST PopUp Village,Onsite,Main,Birria
910,90320,QuesaBirria,4,12/3/2025,4:38:37 PM,109.5,438,UST PopUp Village,Onsite,Main,Birria
911,90321,QuesaBirria,3,12/3/2025,4:43:56 PM,112.67,338,UST PopUp Village,Onsite,Main,Birria
912,90322,QuesaBirria,2,12/3/2025,4:47:21 PM,109.5,219,UST PopUp Village,Onsite,Main,Birria
913,90323,QuesaBirria,2,12/3/2025,4:50:09 PM,109.5,219,UST PopUp Village,Onsite,Main,Birria
914,90324,QuesaBirria,3,12/3/2025,4:50:46 PM,112.67,338,UST PopUp Village,Onsite,Main,Birria
915,90402,QuesaBirria,2,12/3/2025,4:52:40 PM,109.5,219,UST PopUp Village,Onsite,Main,Birria
916,90403,QuesaBirria,1,12/3/2025,4:53:21 PM,119,119,UST PopUp Village,Onsite,Main,Birria
917,90404,QuesaBirria,2,12/3/2025,4:53:21 PM,109.5,219,UST PopUp Village,Onsite,Main,Birria
918,90405,QuesaBirria,2,12/3/2025,4:56:24 PM,109.5,219,UST PopUp Village,Onsite,Main,Birria
919,90406,QuesaBirria,2,12/3/2025,4:57:24 PM,109.5,219,UST PopUp Village,Onsite,Main,Birria
920,90407,QuesaBirria,1,12/3/2025,5:01:07 PM,119,119,UST PopUp Village,Onsite,Main,Birria
921,90408,QuesaBirria,2,12/3/2025,5:01:47 PM,109.5,219,UST PopUp Village,Onsite,Main,Birria
922,90409,QuesaBirria,1,12/3/2025,5:04:40 PM,119,119,UST PopUp Village,Onsite,Main,Birria
923,90410,QuesaBirria,2,12/3/2025,5:05:34 PM,109.5,219,UST PopUp Village,Onsite,Main,Birria
924,90411,QuesaBirria,6,12/3/2025,5:08:16 PM,109.5,657,UST PopUp Village,Onsite,Main,Birria
925,90412,QuesaBirria,4,12/3/2025,5:09:03 PM,109.5,438,UST PopUp Village,Onsite,Main,Birria
926,90413,QuesaBirria,2,12/3/2025,5:16:09 PM,109.5,219,UST PopUp Village,Onsite,Main,Birria
927,90414,QuesaBirria,2,12/3/2025,5:19:29 PM,109.5,219,UST PopUp Village,Onsite,Main,Birria
928,90415,QuesaBirria,6,12/3/2025,5:31:34 PM,109.5,657,UST PopUp Village,Onsite,Main,Birria
929,90416,QuesaBirria,2,12/3/2025,5:36:00 PM,109.5,175.2,UST PopUp Village,Onsite,Main,Birria
930,90417,QuesaBirria,2,12/3/2025,5:40:29 PM,109.5,219,UST PopUp Village,Onsite,Main,Birria
931,90418,QuesaBirria,2,12/3/2025,5:41:18 PM,109.5,219,UST PopUp Village,Onsite,Main,Birria
932,90419,QuesaBirria,2,12/3/2025,5:46:20 PM,109.5,219,UST PopUp Village,Onsite,Main,Birria
933,90421,QuesaBirria,2,12/3/2025,5:46:20 PM,109.5,219,UST PopUp Village,Onsite,Main,Birria
934,90422,QuesaBirria,1,12/3/2025,5:49:56 PM,119,119,UST PopUp Village,Onsite,Main,Birria
935,90423,QuesaBirria,4,12/3/2025,6:05:18 PM,109.5,438,UST PopUp Village,Onsite,Main,Birria
936,90424,QuesaBirria,1,12/3/2025,6:18:16 PM,119,119,UST PopUp Village,Onsite,Main,Birria
937,90325,QuesaBirria,2,12/4/2025,12:59:59 PM,109.5,219,UST PopUp Village,Onsite,Main,Birria
938,90326,QuesaBirria,6,12/4/2025,1:03:05 PM,109.5,657,UST PopUp Village,Onsite,Main,Birria
939,90327,QuesaBirria,2,12/4/2025,1:03:57 PM,109.5,219,UST PopUp Village,Onsite,Main,Birria
940,90328,QuesaBirria,2,12/4/2025,1:15:12 PM,109.5,219,UST PopUp Village,Onsite,Main,Birria
941,90329,QuesaBirria,2,12/4/2025,1:18:26 PM,109.5,219,UST PopUp Village,Onsite,Main,Birria
942,90330,QuesaBirria,1,12/4/2025,1:26:40 PM,119,119,UST PopUp Village,Onsite,Main,Birria
943,90332,QuesaBirria,4,12/4/2025,1:27:11 PM,109.5,438,UST PopUp Village,Onsite,Main,Birria
944,90333,QuesaBirria,2,12/4/2025,1:27:58 PM,109.5,219,UST PopUp Village,Onsite,Main,Birria
945,90334,QuesaBirria,4,12/4/2025,1:32:58 PM,109.5,438,UST PopUp Village,Onsite,Main,Birria
946,90335,QuesaBirria,1,12/4/2025,1:34:01 PM,119,119,UST PopUp Village,Onsite,Main,Birria
947,90336,QuesaBirria,2,12/4/2025,1:37:04 PM,109.5,219,UST PopUp Village,Onsite,Main,Birria
948,90337,QuesaBirria,1,12/4/2025,1:39:07 PM,119,119,UST PopUp Village,Onsite,Main,Birria
949,90338,QuesaBirria,4,12/4/2025,1:43:40 PM,109.5,438,UST PopUp Village,Onsite,Main,Birria
950,90339,QuesaBirria,2,12/4/2025,1:47:30 PM,109.5,219,UST PopUp Village,Onsite,Main,Birria
951,90340,QuesaBirria,2,12/4/2025,1:49:52 PM,109.5,219,UST PopUp Village,Onsite,Main,Birria
952,90341,QuesaBirria,1,12/4/2025,1:54:40 PM,119,119,UST PopUp Village,Onsite,Main,Birria
953,90342,QuesaBirria,2,12/4/2025,2:04:27 PM,109.5,219,UST PopUp Village,Onsite,Main,Birria
954,90343,QuesaBirria,3,12/4/2025,2:08:04 PM,112.67,338,UST PopUp Village,Onsite,Main,Birria
955,90344,QuesaBirria,2,12/4/2025,2:08:04 PM,109.5,219,UST PopUp Village,Onsite,Main,Birria
956,90345,QuesaBirria,4,12/4/2025,2:10:31 PM,109.5,438,UST PopUp Village,Onsite,Main,Birria
957,90346,QuesaBirria,4,12/4/2025,2:11:28 PM,109.5,438,UST PopUp Village,Onsite,Main,Birria
958,90347,QuesaBirria,2,12/4/2025,2:14:53 PM,109.5,219,UST PopUp Village,Onsite,Main,Birria
959,90348,QuesaBirria,2,12/4/2025,2:19:16 PM,109.5,219,UST PopUp Village,Onsite,Main,Birria
960,90349,QuesaBirria,4,12/4/2025,2:27:45 PM,109.5,438,UST PopUp Village,Onsite,Main,Birria
961,90350,QuesaBirria,2,12/4/2025,2:28:30 PM,109.5,219,UST PopUp Village,Onsite,Main,Birria
962,90351,QuesaBirria,2,12/4/2025,2:30:37 PM,109.5,219,UST PopUp Village,Onsite,Main,Birria
963,90352,QuesaBirria,2,12/4/2025,2:34:56 PM,109.5,219,UST PopUp Village,Onsite,Main,Birria
964,90353,QuesaBirria,4,12/4/2025,2:41:04 PM,109.5,438,UST PopUp Village,Onsite,Main,Birria
965,90354,QuesaBirria,4,12/4/2025,2:49:57 PM,109.5,438,UST PopUp Village,Onsite,Main,Birria
966,90355,QuesaBirria,2,12/4/2025,2:51:01 PM,109.5,219,UST PopUp Village,Onsite,Main,Birria
967,90356,QuesaBirria,4,12/4/2025,2:52:15 PM,109.5,438,UST PopUp Village,Onsite,Main,Birria
968,90357,QuesaBirria,2,12/4/2025,2:54:24 PM,109.5,219,UST PopUp Village,Onsite,Main,Birria
969,90358,QuesaBirria,2,12/4/2025,2:56:09 PM,109.5,219,UST PopUp Village,Onsite,Main,Birria
970,90359,QuesaBirria,2,12/4/2025,3:09:53 PM,109.5,219,UST PopUp Village,Onsite,Main,Birria
971,90360,QuesaBirria,2,12/4/2025,3:11:42 PM,109.5,219,UST PopUp Village,Onsite,Main,Birria
972,90361,QuesaBirria,1,12/4/2025,3:22:31 PM,119,119,UST PopUp Village,Onsite,Main,Birria
973,90362,QuesaBirria,2,12/4/2025,3:25:34 PM,109.5,219,UST PopUp Village,Onsite,Main,Birria
974,90363,QuesaBirria,2,12/4/2025,3:29:07 PM,109.5,219,UST PopUp Village,Onsite,Main,Birria
975,90364,QuesaBirria,2,12/4/2025,3:36:06 PM,109.5,219,UST PopUp Village,Onsite,Main,Birria
976,90365,QuesaBirria,2,12/4/2025,3:43:27 PM,109.5,219,UST PopUp Village,Onsite,Main,Birria
977,90366,QuesaBirria,1,12/4/2025,3:47:31 PM,119,119,UST PopUp Village,Onsite,Main,Birria
978,90367,QuesaBirria,1,12/4/2025,3:50:56 PM,119,119,UST PopUp Village,Onsite,Main,Birria
979,90368,QuesaBirria,2,12/4/2025,3:53:39 PM,109.5,219,UST PopUp Village,Onsite,Main,Birria
980,90369,QuesaBirria,2,12/4/2025,3:54:27 PM,109.5,219,UST PopUp Village,Onsite,Main,Birria
981,90370,QuesaBirria,2,12/4/2025,3:55:06 PM,109.5,219,UST PopUp Village,Onsite,Main,Birria
982,90371,QuesaBirria,2,12/4/2025,4:01:47 PM,109.5,219,UST PopUp Village,Onsite,Main,Birria
983,90372,QuesaBirria,1,12/4/2025,4:01:47 PM,119,119,UST PopUp Village,Onsite,Main,Birria
984,90373,QuesaBirria,2,12/4/2025,4:06:11 PM,109.5,219,UST PopUp Village,Onsite,Main,Birria
985,90374,QuesaBirria,2,12/4/2025,4:07:32 PM,109.5,219,UST PopUp Village,Onsite,Main,Birria
986,90375,QuesaBirria,3,12/4/2025,4:18:40 PM,112.67,338,UST PopUp Village,Onsite,Main,Birria
987,90376,QuesaBirria,2,12/4/2025,4:22:27 PM,109.5,219,UST PopUp Village,Onsite,Main,Birria
988,90377,QuesaBirria,2,12/4/2025,4:25:49 PM,109.5,219,UST PopUp Village,Onsite,Main,Birria
989,90378,QuesaBirria,2,12/4/2025,4:28:04 PM,109.5,219,UST PopUp Village,Onsite,Main,Birria
990,90380,QuesaBirria,2,12/4/2025,4:33:01 PM,99.5,199,UST PopUp Village,Onsite,Main,Birria
991,90381,QuesaBirria,4,12/4/2025,4:38:05 PM,109.5,438,UST PopUp Village,Onsite,Main,Birria
992,90382,QuesaBirria,2,12/4/2025,4:38:37 PM,109.5,219,UST PopUp Village,Onsite,Main,Birria
993,90383,QuesaBirria,6,12/6/2025,12:12:10 PM,109.5,657,Pre-Order,Online,Main,Birria
994,90384,QuesaBirria,2,12/6/2025,12:13:06 PM,109.5,219,Pre-Order,Online,Main,Birria
995,90385,QuesaBirria,4,12/6/2025,12:25:31 PM,109.5,438,Pre-Order,Online,Main,Birria
996,90386,QuesaBirria,2,12/6/2025,12:26:12 PM,109.5,219,Pre-Order,Online,Main,Birria
997,90387,QuesaBirria,10,12/6/2025,12:27:15 PM,109.5,1095,Pre-Order,Online,Main,Birria
998,90388,QuesaBirria,2,12/6/2025,12:37:59 PM,109.5,219,Pre-Order,Online,Main,Birria
999,90389,QuesaBirria,4,12/6/2025,12:59:50 PM,109.5,438,Pre-Order,Online,Main,Birria
1000,90390,QuesaBirria,2,12/6/2025,1:06:03 PM,109.5,219,Pre-Order,Online,Main,Birria
1001,90391,QuesaBirria,4,12/6/2025,1:27:54 PM,109.5,438,Pre-Order,Online,Main,Birria
1002,90392,QuesaBirria,2,12/6/2025,1:39:49 PM,109.5,219,Pre-Order,Online,Main,Birria
1003,90393,QuesaBirria,4,12/6/2025,2:21:29 PM,109.5,438,Pre-Order,Online,Main,Birria
1004,90394,QuesaBirria,2,12/6/2025,2:24:12 PM,109.5,219,Pre-Order,Online,Main,Birria
1005,90395,QuesaBirria,6,12/6/2025,2:27:22 PM,109.5,657,Pre-Order,Online,Main,Birria
1006,90396,QuesaBirria,4,12/6/2025,2:29:53 PM,109.5,438,Pre-Order,Online,Main,Birria
1007,90397,QuesaBirria,2,12/6/2025,2:35:29 PM,109.5,219,Pre-Order,Online,Main,Birria
1008,90398,QuesaBirria,4,12/6/2025,2:46:43 PM,109.5,438,Pre-Order,Online,Main,Birria
1009,90399,QuesaBirria,4,12/6/2025,4:00:52 PM,109.5,438,Pre-Order,Online,Main,Birria
1010,90400,QuesaBirria,6,12/6/2025,4:05:48 PM,109.5,657,Pre-Order,Online,Main,Birria
1011,90401,QuesaBirria,4,12/6/2025,4:07:40 PM,109.5,438,Pre-Order,Online,Main,Birria
1012,6490809,COMBO MEAL 2,1,12/9/2025,10:40:07 AM,249,249,Pre-Order,Online,Combo,2 Birria + 1 Iced Tea
1013,6490810,COMBO MEAL 2,1,12/9/2025,10:41:16 AM,249,249,Pre-Order,Online,Combo,2 Birria + 1 Iced Tea
1014,6490811,COMBO MEAL 2,1,12/9/2025,10:42:13 AM,249,249,Pre-Order,Online,Combo,2 Birria + 1 Iced Tea
1015,6490812,COMBO MEAL 2,1,12/9/2025,10:51:07 AM,249,249,Pre-Order,Online,Combo,2 Birria + 1 Iced Tea
1016,6490813,COMBO MEAL 2,1,12/9/2025,10:53:02 AM,249,249,Pre-Order,Online,Combo,2 Birria + 1 Iced Tea
1017,6490814,COMBO MEAL 2,1,12/9/2025,11:15:10 AM,249,249,Pre-Order,Online,Combo,2 Birria + 1 Iced Tea
1018,6490815,COMBO MEAL 2,1,12/9/2025,11:19:34 AM,249,249,Pre-Order,Online,Combo,2 Birria + 1 Iced Tea
1019,6490816,COMBO MEAL 2,1,12/9/2025,11:23:05 AM,249,249,Pre-Order,Online,Combo,2 Birria + 1 Iced Tea
1020,6490817,COMBO MEAL 2,1,12/9/2025,11:20:48 AM,249,249,Pre-Order,Online,Combo,2 Birria + 1 Iced Tea
1021,6490818,COMBO MEAL 2,1,12/9/2025,11:24:40 AM,249,249,Pre-Order,Online,Combo,2 Birria + 1 Iced Tea
1022,6490819,COMBO MEAL 2,1,12/9/2025,11:31:09 AM,249,249,Pre-Order,Online,Combo,2 Birria + 1 Iced Tea
1023,6490820,COMBO MEAL 2,1,12/9/2025,11:34:54 AM,249,249,Pre-Order,Online,Combo,2 Birria + 1 Iced Tea
1024,6490821,COMBO MEAL 2,1,12/9/2025,2:14:32 PM,249,249,Pre-Order,Online,Combo,2 Birria + 1 Iced Tea
1025,6490822,COMBO MEAL 2,1,12/9/2025,2:29:23 PM,249,249,Pre-Order,Online,Combo,2 Birria + 1 Iced Tea
1026,6490823,COMBO MEAL 2,1,12/9/2025,2:39:59 PM,249,249,Pre-Order,Online,Combo,2 Birria + 1 Iced Tea
1027,6490824,COMBO MEAL 2,1,12/9/2025,3:15:30 PM,249,249,Pre-Order,Online,Combo,2 Birria + 1 Iced Tea
1028,6490825,COMBO MEAL 2,1,12/9/2025,3:15:43 PM,249,249,Pre-Order,Online,Combo,2 Birria + 1 Iced Tea
1029,90626,QuesaBirria,200,1/11/2026,10:53:02 AM,109.5,17520,Pre-Order,Online,Main,Birria
1030,90553,QuesaBirria,1,1/25/2026,7:40:57 AM,119,119,UST USTET,Onsite,Main,Birria
1031,90554,COMBO MEAL 1,1,1/25/2026,8:02:01 AM,149,149,UST USTET,Onsite,Combo,1 Birria + 1 Iced Tea
1032,90555,COMBO MEAL 1,1,1/25/2026,8:02:01 AM,149,149,UST USTET,Onsite,Combo,1 Birria + 1 Iced Tea
1033,90556,QuesaBirria,2,1/25/2026,8:07:24 AM,109.5,219,UST USTET,Onsite,Main,Birria
1034,90557,QuesaBirria,2,1/25/2026,8:07:24 AM,109.5,219,UST USTET,Onsite,Main,Birria
1035,90558,QuesaBirria,2,1/25/2026,8:16:41 AM,109.5,219,UST USTET,Onsite,Main,Birria
1036,90559,QuesaBirria,2,1/25/2026,8:21:31 AM,109.5,219,UST USTET,Onsite,Main,Birria
1037,90560,QuesaBirria,2,1/25/2026,8:26:23 AM,109.5,219,UST USTET,Onsite,Main,Birria
1038,90561,QuesaBirria,2,1/25/2026,8:32:12 AM,109.5,175.2,UST USTET,Onsite,Main,Birria
1039,90562,QuesaBirria,3,1/25/2026,8:34:19 AM,228.5,270.4,UST USTET,Onsite,Main,Birria
1040,90563,QuesaBirria,1,1/25/2026,8:44:00 AM,119,119,UST USTET,Onsite,Main,Birria
1041,90564,QuesaBirria,2,1/25/2026,8:50:31 AM,109.5,219,UST USTET,Onsite,Main,Birria
1042,90565,QuesaBirria,2,1/25/2026,9:41:18 AM,109.5,219,UST USTET,Onsite,Main,Birria
1043,90566,COMBO MEAL 2,1,1/25/2026,9:45:56 AM,249,249,UST USTET,Onsite,Combo,2 Birria + 1 Iced Tea
1044,90567,QuesaBirria,2,1/25/2026,9:48:38 AM,109.5,219,UST USTET,Onsite,Main,Birria
1045,90568,Iced Tea,1,1/25/2026,9:51:50 AM,40,40,UST USTET,Onsite,Beverage,Iced Tea
1046,90569,QuesaBirria,2,1/25/2026,9:51:50 AM,109.5,219,UST USTET,Onsite,Main,Birria
1047,90570,QuesaBirria,1,1/25/2026,9:54:47 AM,119,119,UST USTET,Onsite,Main,Birria
1048,90552,QuesaBirria,7,1/25/2026,9:55:59 AM,833,666.4,UST USTET,Onsite,Main,Birria
1049,90571,QuesaBirria,2,1/25/2026,9:58:05 AM,109.5,219,UST USTET,Onsite,Main,Birria
1050,90572,QuesaBirria,2,1/25/2026,10:19:03 AM,109.5,219,UST USTET,Onsite,Main,Birria
1051,90573,QuesaBirria,2,1/25/2026,10:54:37 AM,109.5,219,UST USTET,Onsite,Main,Birria
1052,90574,QuesaBirria,2,1/25/2026,10:56:05 AM,109.5,219,UST USTET,Onsite,Main,Birria
1053,90575,QuesaBirria,2,1/25/2026,11:06:46 AM,109.5,219,UST USTET,Onsite,Main,Birria
1054,90576,QuesaBirria,2,1/25/2026,11:11:47 AM,109.5,219,UST USTET,Onsite,Main,Birria
1055,90577,QuesaBirria,1,1/25/2026,11:14:14 AM,119,119,UST USTET,Onsite,Main,Birria
1056,90578,QuesaBirria,2,1/25/2026,11:37:20 AM,109.5,219,UST USTET,Onsite,Main,Birria
1057,90579,COMBO MEAL 1,1,1/25/2026,11:37:20 AM,149,149,UST USTET,Onsite,Combo,1 Birria + 1 Iced Tea
1058,90580,Iced Tea,1,1/25/2026,11:39:13 AM,40,40,UST USTET,Onsite,Beverage,Iced Tea
1059,90581,COMBO MEAL 1,1,1/25/2026,11:45:18 AM,149,149,UST USTET,Onsite,Combo,1 Birria + 1 Iced Tea
1060,90582,QuesaBirria,1,1/25/2026,11:53:57 AM,119,119,UST USTET,Onsite,Main,Birria
1061,90583,QuesaBirria,2,1/25/2026,11:55:09 AM,109.5,219,UST USTET,Onsite,Main,Birria
1062,90584,QuesaBirria,2,1/25/2026,11:56:04 AM,109.5,219,UST USTET,Onsite,Main,Birria
1063,90585,COMBO MEAL 1,1,1/25/2026,11:57:35 AM,149,149,UST USTET,Onsite,Combo,1 Birria + 1 Iced Tea
1064,90586,COMBO MEAL 1,1,1/25/2026,12:01:06 PM,149,149,UST USTET,Onsite,Combo,1 Birria + 1 Iced Tea
1065,90587,QuesaBirria,2,1/25/2026,12:07:40 PM,109.5,219,UST USTET,Onsite,Main,Birria
1066,90588,QuesaBirria,2,1/25/2026,12:09:13 PM,109.5,219,UST USTET,Onsite,Main,Birria
1067,90589,QuesaBirria,1,1/25/2026,12:10:57 PM,119,119,UST USTET,Onsite,Main,Birria
1068,90590,QuesaBirria,1,1/25/2026,12:21:27 PM,119,119,UST USTET,Onsite,Main,Birria
1069,90591,QuesaBirria,2,1/25/2026,12:21:27 PM,109.5,219,UST USTET,Onsite,Main,Birria
1070,90591,Iced Tea,1,1/25/2026,3:34:14 PM,40,40,UST USTET,Onsite,Beverage,Iced Tea
1071,90592,Iced Tea,2,1/25/2026,3:34:26 PM,40,80,UST USTET,Onsite,Beverage,Iced Tea
1072,90593,Iced Tea,1,1/25/2026,4:13:41 PM,40,40,UST USTET,Onsite,Beverage,Iced Tea
1073,90593,COMBO MEAL 1,1,1/25/2026,4:18:40 PM,149,149,UST USTET,Onsite,Combo,1 Birria + 1 Iced Tea
1074,90594,COMBO MEAL 2,1,1/25/2026,4:22:27 PM,249,249,UST USTET,Onsite,Combo,2 Birria + 1 Iced Tea
1075,90595,QuesaBirria,2,1/29/2026,12:30:16 PM,109.5,219,Asia Pacific,Onsite,Main,Birria
1076,90596,QuesaBirria,1,1/29/2026,12:30:38 PM,119,119,Asia Pacific,Onsite,Main,Birria
1077,90597,QuesaBirria,1,1/29/2026,12:30:38 PM,119,119,Asia Pacific,Onsite,Main,Birria
1078,90598,QuesaBirria,2,1/29/2026,12:33:22 PM,109.5,219,Asia Pacific,Onsite,Main,Birria
1079,90599,QuesaBirria,1,1/29/2026,12:34:12 PM,338,338,Asia Pacific,Onsite,Main,Birria
1080,90600,QuesaBirria,2,1/29/2026,12:36:15 PM,109.5,219,Asia Pacific,Onsite,Main,Birria
1081,90601,QuesaBirria,1,1/29/2026,12:38:47 PM,119,119,Asia Pacific,Onsite,Main,Birria
1082,90602,QuesaBirria,2,1/29/2026,12:51:20 PM,109.5,219,Asia Pacific,Onsite,Main,Birria
1083,90603,QuesaBirria,2,1/29/2026,12:53:39 PM,109.5,219,Asia Pacific,Onsite,Main,Birria
1084,90604,QuesaBirria,1,1/29/2026,12:56:17 PM,119,119,Asia Pacific,Onsite,Main,Birria
1085,90605,QuesaBirria,2,1/29/2026,1:01:39 PM,109.5,219,Asia Pacific,Onsite,Main,Birria
1086,90606,QuesaBirria,2,1/29/2026,1:08:10 PM,109.5,219,Asia Pacific,Onsite,Main,Birria
1087,90607,QuesaBirria,1,1/29/2026,1:12:13 PM,119,119,Asia Pacific,Onsite,Main,Birria
1088,90608,QuesaBirria,2,1/29/2026,1:24:09 PM,109.5,219,Asia Pacific,Onsite,Main,Birria
1089,90609,QuesaBirria,1,1/29/2026,2:00:39 PM,119,119,Asia Pacific,Onsite,Main,Birria
1090,90610,QuesaBirria,1,1/29/2026,2:11:59 PM,119,119,Asia Pacific,Onsite,Main,Birria
1091,90611,QuesaBirria,2,1/29/2026,3:00:18 PM,109.5,219,Asia Pacific,Onsite,Main,Birria
1092,90612,QuesaBirria,1,1/29/2026,3:10:40 PM,119,119,Asia Pacific,Onsite,Main,Birria
1093,90613,QuesaBirria,4,1/29/2026,3:13:53 PM,109.5,438,Asia Pacific,Onsite,Main,Birria
1094,90614,QuesaBirria,2,1/29/2026,3:14:39 PM,109.5,219,Asia Pacific,Onsite,Main,Birria
1095,90615,QuesaBirria,4,1/29/2026,3:31:03 PM,109.5,438,Asia Pacific,Onsite,Main,Birria
1096,90616,QuesaBirria,2,1/29/2026,3:34:52 PM,109.5,219,Asia Pacific,Onsite,Main,Birria
1097,90617,QuesaBirria,1,1/29/2026,3:39:45 PM,119,119,Asia Pacific,Onsite,Main,Birria
1098,90618,QuesaBirria,1,1/29/2026,3:49:38 PM,119,119,Asia Pacific,Onsite,Main,Birria
1099,90619,QuesaBirria,2,1/29/2026,3:54:47 PM,109.5,219,Asia Pacific,Onsite,Main,Birria
1100,90620,QuesaBirria,2,1/29/2026,3:56:16 PM,109.5,219,Asia Pacific,Onsite,Main,Birria
1101,90621,QuesaBirria,1,1/29/2026,3:58:59 PM,119,119,Asia Pacific,Onsite,Main,Birria
1102,90622,QuesaBirria,2,1/29/2026,3:59:04 PM,109.5,219,Asia Pacific,Onsite,Main,Birria
1103,90623,QuesaBirria,2,1/29/2026,4:13:56 PM,109.5,219,Asia Pacific,Onsite,Main,Birria
1104,90624,QuesaBirria,2,1/29/2026,4:13:41 PM,119,238,Asia Pacific,Onsite,Main,Birria
1105,90625,QuesaBirria,2,1/29/2026,4:18:06 PM,109.5,219,Asia Pacific,Onsite,Main,Birria
1106,90626,QuesaBirria,4,1/29/2026,4:18:40 PM,109.5,438,Asia Pacific,Onsite,Main,Birria
1107,90627,QuesaBirria,2,1/29/2026,4:22:27 PM,109.5,219,Asia Pacific,Onsite,Main,Birria
1108,90628,QuesaBirria,1,1/29/2026,4:26:51 PM,119,119,Asia Pacific,Onsite,Main,Birria
1109,90629,QuesaBirria,2,1/29/2026,4:30:19 PM,109.5,219,Asia Pacific,Onsite,Main,Birria
1110,90630,QuesaBirria,1,1/30/2026,11:20:48 AM,119,119,Asia Pacific,Onsite,Main,Birria
1111,90631,QuesaBirria,2,1/30/2026,11:24:40 AM,109.5,219,Asia Pacific,Onsite,Main,Birria
1112,90632,QuesaBirria,2,1/30/2026,11:31:09 AM,109.5,219,Asia Pacific,Onsite,Main,Birria
1113,90633,QuesaBirria,1,1/30/2026,11:34:54 AM,119,119,Asia Pacific,Onsite,Main,Birria
1114,90634,QuesaBirria,1,1/30/2026,2:14:32 PM,119,119,Asia Pacific,Onsite,Main,Birria
1115,90635,QuesaBirria,1,1/30/2026,2:29:23 PM,119,119,Asia Pacific,Onsite,Main,Birria
1116,90636,QuesaBirria,1,1/30/2026,2:39:59 PM,119,119,Asia Pacific,Onsite,Main,Birria
1117,90637,QuesaBirria,2,1/30/2026,3:15:30 PM,109.5,219,Asia Pacific,Onsite,Main,Birria
1118,90638,QuesaBirria,2,1/30/2026,3:15:43 PM,109.5,219,Asia Pacific,Onsite,Main,Birria
1119,90639,QuesaBirria,2,1/30/2026,3:15:59 PM,109.5,219,Asia Pacific,Onsite,Main,Birria
1120,90640,QuesaBirria,2,1/30/2026,3:18:05 PM,109.5,219,Asia Pacific,Onsite,Main,Birria
1121,90641,QuesaBirria,2,1/30/2026,3:29:47 PM,109.5,219,Asia Pacific,Onsite,Main,Birria
1122,90642,QuesaBirria,2,1/30/2026,3:30:36 PM,109.5,219,Asia Pacific,Onsite,Main,Birria
1123,90643,QuesaBirria,1,1/30/2026,3:31:58 PM,119,119,Asia Pacific,Onsite,Main,Birria
1124,90644,QuesaBirria,2,1/30/2026,3:48:16 PM,109.5,219,Asia Pacific,Onsite,Main,Birria
1125,90645,QuesaBirria,2,1/30/2026,3:58:09 PM,109.5,219,Asia Pacific,Onsite,Main,Birria
1126,90646,QuesaBirria,2,1/30/2026,3:59:42 PM,109.5,219,Asia Pacific,Onsite,Main,Birria
1127,90647,COMBO MEAL 2,1,1/30/2026,4:06:05 PM,249,249,Asia Pacific,Onsite,Combo,2 Birria + 1 Iced Tea
1128,90648,COMBO MEAL 2,1,1/30/2026,4:07:00 PM,249,249,Asia Pacific,Onsite,Combo,2 Birria + 1 Iced Tea
1129,90649,QuesaBirria,1,1/30/2026,4:08:58 PM,119,119,Asia Pacific,Onsite,Main,Birria
1130,90650,COMBO MEAL 2,1,1/30/2026,4:09:54 PM,249,249,Asia Pacific,Onsite,Combo,2 Birria + 1 Iced Tea
1131,2493926,COMBO MEAL 1,1,1/30/2026,4:12:19 PM,149,149,Asia Pacific,Onsite,Combo,1 Birria + 1 Iced Tea
1132,2493927,QuesaBirria,2,1/30/2026,4:20:21 PM,109.5,219,Asia Pacific,Onsite,Main,Birria
1133,2493928,COMBO MEAL 1,1,1/30/2026,4:20:45 PM,149,149,Asia Pacific,Onsite,Combo,1 Birria + 1 Iced Tea
1134,2493929,QuesaBirria,1,1/30/2026,4:22:45 PM,119,119,Asia Pacific,Onsite,Main,Birria
1135,2493930,QuesaBirria,1,1/30/2026,4:24:26 PM,119,119,Asia Pacific,Onsite,Main,Birria
1136,2493931,QuesaBirria,2,1/30/2026,4:38:48 PM,109.5,219,Asia Pacific,Onsite,Main,Birria
1137,2493932,QuesaBirria,1,1/30/2026,4:39:48 PM,119,119,Asia Pacific,Onsite,Main,Birria
1138,2493933,COMBO MEAL 1,1,1/30/2026,4:42:01 PM,149,149,Asia Pacific,Onsite,Combo,1 Birria + 1 Iced Tea
1139,2493934,QuesaBirria,2,1/30/2026,4:44:00 PM,109.5,219,Asia Pacific,Onsite,Main,Birria
1140,2493935,QuesaBirria,2,1/30/2026,4:45:54 PM,109.5,219,Asia Pacific,Onsite,Main,Birria
1141,2493936,Iced Tea,3,1/30/2026,4:46:26 PM,40,120,Asia Pacific,Onsite,Beverage,Iced Tea
1142,2493937,QuesaBirria,2,1/30/2026,4:48:07 PM,109.5,219,Asia Pacific,Onsite,Main,Birria
1143,2493938,QuesaBirria,2,1/30/2026,4:50:56 PM,109.5,219,Asia Pacific,Onsite,Main,Birria
1144,2493939,QuesaBirria,1,1/30/2026,4:51:39 PM,119,119,Asia Pacific,Onsite,Main,Birria
1145,2493940,Iced Tea,1,1/30/2026,4:52:03 PM,40,40,Asia Pacific,Onsite,Beverage,Iced Tea
1146,2493941,COMBO MEAL 1,1,1/30/2026,4:56:08 PM,149,149,Asia Pacific,Onsite,Combo,1 Birria + 1 Iced Tea
1147,2493942,COMBO MEAL 2,1,1/30/2026,5:04:51 PM,249,249,Asia Pacific,Onsite,Combo,2 Birria + 1 Iced Tea
1148,2493943,QuesaBirria,1,1/30/2026,5:06:35 PM,119,119,Asia Pacific,Onsite,Main,Birria
1149,2493944,COMBO MEAL 2,1,1/30/2026,5:08:43 PM,249,249,Asia Pacific,Onsite,Combo,2 Birria + 1 Iced Tea
1150,2493945,QuesaBirria,2,1/30/2026,5:09:12 PM,109.5,219,Asia Pacific,Onsite,Main,Birria
1151,2493946,QuesaBirria,2,1/30/2026,5:10:45 PM,109.5,219,Asia Pacific,Onsite,Main,Birria
1152,2493947,Iced Tea,1,1/30/2026,5:18:11 PM,40,40,Asia Pacific,Onsite,Beverage,Iced Tea
1153,2493948,QuesaBirria,2,1/30/2026,5:20:22 PM,119,238,Asia Pacific,Onsite,Main,Birria
1154,2493949,QuesaBirria,2,1/30/2026,5:22:38 PM,109.5,219,Asia Pacific,Onsite,Main,Birria
1155,2493950,QuesaBirria,4,1/30/2026,5:23:32 PM,109.5,438,Asia Pacific,Onsite,Main,Birria
1156,2493951,QuesaBirria,3,1/30/2026,5:26:07 PM,112.67,338,Asia Pacific,Onsite,Main,Birria
1157,2493951,Iced Tea,1,1/30/2026,5:32:43 PM,40,40,Asia Pacific,Onsite,Beverage,Iced Tea
1158,2493952,QuesaBirria,2,1/30/2026,5:34:37 PM,109.5,219,Asia Pacific,Onsite,Main,Birria
1159,2493953,QuesaBirria,2,1/30/2026,5:37:06 PM,109.5,219,Asia Pacific,Onsite,Main,Birria
1160,2493954,QuesaBirria,1,1/30/2026,5:38:03 PM,119,119,Asia Pacific,Onsite,Main,Birria
1161,2494140,COMBO MEAL 1,1,1/31/2026,5:40:12 PM,149,149,Asia Pacific,Onsite,Combo,1 Birria + 1 Iced Tea
1162,2494141,QuesaBirria,1,1/31/2026,5:43:45 PM,119,119,Asia Pacific,Onsite,Main,Birria
1163,2494142,QuesaBirria,2,1/31/2026,5:56:58 PM,109.5,219,Asia Pacific,Onsite,Main,Birria
1164,2494143,COMBO MEAL 1,1,1/31/2026,9:53:26 AM,149,149,Asia Pacific,Onsite,Combo,1 Birria + 1 Iced Tea
1165,2494144,QuesaBirria,2,1/31/2026,9:53:26 AM,109.5,219,Asia Pacific,Onsite,Main,Birria
1166,2494145,QuesaBirria,1,1/31/2026,9:55:22 AM,119,119,Asia Pacific,Onsite,Main,Birria
1167,2494146,Iced Tea,3,1/31/2026,9:56:51 AM,40,120,Asia Pacific,Onsite,Beverage,Iced Tea
1168,2494147,QuesaBirria,2,1/31/2026,11:09:56 AM,109.5,219,Asia Pacific,Onsite,Main,Birria
1169,2494148,QuesaBirria,2,1/31/2026,11:12:10 AM,109.5,219,Asia Pacific,Onsite,Main,Birria
1170,2494149,QuesaBirria,3,1/31/2026,11:18:07 AM,112.67,338,Asia Pacific,Onsite,Main,Birria
1171,2494150,Iced Tea,1,1/31/2026,11:28:03 AM,40,40,Asia Pacific,Onsite,Beverage,Iced Tea
1172,2494074,COMBO MEAL 1,1,1/31/2026,11:29:52 AM,149,149,Asia Pacific,Onsite,Combo,1 Birria + 1 Iced Tea
1173,2494075,COMBO MEAL 2,1,1/31/2026,11:30:10 AM,249,249,Asia Pacific,Onsite,Combo,2 Birria + 1 Iced Tea
1174,89246,QuesaBirria,1,1/31/2026,11:31:16 AM,119,119,Asia Pacific,Onsite,Main,Birria
1175,89247,COMBO MEAL 2,1,1/31/2026,11:33:31 AM,249,249,Asia Pacific,Onsite,Combo,2 Birria + 1 Iced Tea
1176,89248,QuesaBirria,2,1/31/2026,11:34:44 AM,109.5,219,Asia Pacific,Onsite,Main,Birria
1177,89249,QuesaBirria,2,1/31/2026,11:34:44 AM,109.5,219,Asia Pacific,Onsite,Main,Birria
1178,89249,Iced Tea,1,1/31/2026,11:36:02 AM,40,40,Asia Pacific,Onsite,Beverage,Iced Tea
1179,89250,QuesaBirria,2,1/31/2026,11:37:22 AM,119,238,Asia Pacific,Onsite,Main,Birria
1180,89251,QuesaBirria,6,1/31/2026,11:46:36 AM,109.5,657,Asia Pacific,Onsite,Main,Birria
1181,90600,QuesaBirria,3,1/31/2026,11:50:24 AM,112.67,338,Asia Pacific,Onsite,Main,Birria
1182,90600,Iced Tea,1,1/31/2026,12:01:11 PM,40,40,Asia Pacific,Onsite,Beverage,Iced Tea
1183,97275,QuesaBirria,2,1/31/2026,12:03:38 PM,109.5,219,Asia Pacific,Onsite,Main,Birria
1184,97276,QuesaBirria,3,1/31/2026,12:14:34 PM,112.67,338,Asia Pacific,Onsite,Main,Birria
1185,2493957,QuesaBirria,1,2/1/2026,12:17:08 PM,119,119,UST USTET,Onsite,Main,Birria
1186,2493958,COMBO MEAL 1,1,2/1/2026,12:17:52 PM,149,149,UST USTET,Onsite,Combo,1 Birria + 1 Iced Tea
1187,2493959,QuesaBirria,2,2/1/2026,12:22:53 PM,109.5,219,UST USTET,Onsite,Main,Birria
1188,2493960,QuesaBirria,2,2/1/2026,12:23:51 PM,109.5,219,UST USTET,Onsite,Main,Birria
1189,2493961,Iced Tea,1,2/1/2026,12:30:32 PM,40,40,UST USTET,Onsite,Beverage,Iced Tea
1190,2493962,COMBO MEAL 2,1,2/1/2026,12:35:36 PM,249,249,UST USTET,Onsite,Combo,2 Birria + 1 Iced Tea
1191,2493963,QuesaBirria,2,2/1/2026,12:39:40 PM,109.5,219,UST USTET,Onsite,Main,Birria
1192,2493964,COMBO MEAL 2,1,2/1/2026,12:43:23 PM,249,249,UST USTET,Onsite,Combo,2 Birria + 1 Iced Tea
1193,2493965,COMBO MEAL 2,1,2/1/2026,12:43:23 PM,249,249,UST USTET,Onsite,Combo,2 Birria + 1 Iced Tea
1194,2493966,QuesaBirria,2,2/1/2026,12:44:43 PM,109.5,219,UST USTET,Onsite,Main,Birria
1195,2493967,COMBO MEAL 1,1,2/1/2026,12:46:39 PM,149,149,UST USTET,Onsite,Combo,1 Birria + 1 Iced Tea
1196,2493968,COMBO MEAL 2,1,2/1/2026,12:48:00 PM,249,249,UST USTET,Onsite,Combo,2 Birria + 1 Iced Tea
1197,2493969,COMBO MEAL 1,1,2/1/2026,12:58:38 PM,149,119.2,UST USTET,Onsite,Combo,1 Birria + 1 Iced Tea
1198,2493969,QuesaBirria,2,2/1/2026,1:02:12 PM,109.5,175.2,UST USTET,Onsite,Main,Birria
1199,2493970,QuesaBirria,1,2/1/2026,1:04:09 PM,119,119,UST USTET,Onsite,Main,Birria
1200,2493971,COMBO MEAL 1,1,2/1/2026,1:05:21 PM,149,149,UST USTET,Onsite,Combo,1 Birria + 1 Iced Tea
1201,2493972,COMBO MEAL 2,1,2/1/2026,1:13:26 PM,249,249,UST USTET,Onsite,Combo,2 Birria + 1 Iced Tea
1202,2493973,COMBO MEAL 1,1,2/1/2026,1:20:27 PM,149,149,UST USTET,Onsite,Combo,1 Birria + 1 Iced Tea
1203,2493974,COMBO MEAL 1,1,2/1/2026,1:21:52 PM,149,149,UST USTET,Onsite,Combo,1 Birria + 1 Iced Tea
1204,2493975,QuesaBirria,2,2/1/2026,1:23:31 PM,109.5,219,UST USTET,Onsite,Main,Birria
1205,2493975,Iced Tea,1,2/1/2026,1:28:36 PM,40,40,UST USTET,Onsite,Beverage,Iced Tea
1206,2493976,QuesaBirria,2,2/1/2026,1:31:26 PM,109.5,175.2,UST USTET,Onsite,Main,Birria
1207,2493977,QuesaBirria,1,2/1/2026,1:34:08 PM,119,119,UST USTET,Onsite,Main,Birria
1208,2493978,QuesaBirria,2,2/1/2026,1:34:40 PM,109.5,219,UST USTET,Onsite,Main,Birria
1209,2493979,QuesaBirria,4,2/1/2026,1:38:06 PM,109.5,438,UST USTET,Onsite,Main,Birria
1210,2493980,Iced Tea,1,2/1/2026,1:40:06 PM,40,40,UST USTET,Onsite,Beverage,Iced Tea
1211,2493981,QuesaBirria,2,2/1/2026,1:44:28 PM,109.5,219,UST USTET,Onsite,Main,Birria
1212,2493982,QuesaBirria,2,2/1/2026,1:52:40 PM,109.5,219,UST USTET,Onsite,Main,Birria
1213,2493983,COMBO MEAL 1,1,2/1/2026,1:54:14 PM,149,149,UST USTET,Onsite,Combo,1 Birria + 1 Iced Tea
1214,2493984,QuesaBirria,1,2/1/2026,1:56:09 PM,119,119,UST USTET,Onsite,Main,Birria
1215,2493985,QuesaBirria,1,2/1/2026,2:03:42 PM,119,119,UST USTET,Onsite,Main,Birria
1216,2493986,QuesaBirria,1,2/1/2026,2:05:03 PM,119,119,UST USTET,Onsite,Main,Birria
1217,2493987,QuesaBirria,1,2/1/2026,2:11:34 PM,119,119,UST USTET,Onsite,Main,Birria
1218,2493988,QuesaBirria,2,2/1/2026,2:20:52 PM,109.5,219,UST USTET,Onsite,Main,Birria
1219,2493989,QuesaBirria,1,2/1/2026,2:22:35 PM,119,119,UST USTET,Onsite,Main,Birria
1220,2493990,QuesaBirria,1,2/1/2026,2:33:32 PM,119,119,UST USTET,Onsite,Main,Birria
1221,2493991,QuesaBirria,2,2/1/2026,2:36:58 PM,109.5,219,UST USTET,Onsite,Main,Birria
1222,2493992,QuesaBirria,1,2/1/2026,2:37:28 PM,119,119,UST USTET,Onsite,Main,Birria
1223,2493993,QuesaBirria,2,2/1/2026,2:46:47 PM,109.5,219,UST USTET,Onsite,Main,Birria
1224,2493994,QuesaBirria,2,2/1/2026,2:47:52 PM,109.5,219,UST USTET,Onsite,Main,Birria
1225,2493995,QuesaBirria,2,2/1/2026,2:49:32 PM,109.5,219,UST USTET,Onsite,Main,Birria
1226,2493996,QuesaBirria,2,2/1/2026,2:50:34 PM,109.5,219,UST USTET,Onsite,Main,Birria
1227,2493997,QuesaBirria,1,2/1/2026,2:50:34 PM,119,119,UST USTET,Onsite,Main,Birria
1228,2493998,QuesaBirria,2,2/1/2026,2:53:04 PM,109.5,219,UST USTET,Onsite,Main,Birria
1229,2493999,QuesaBirria,2,2/1/2026,2:53:04 PM,109.5,219,UST USTET,Onsite,Main,Birria
1230,2494000,QuesaBirria,2,2/1/2026,2:57:12 PM,109.5,219,UST USTET,Onsite,Main,Birria
1231,2494001,COMBO MEAL 1,1,2/1/2026,2:57:40 PM,149,149,UST USTET,Onsite,Combo,1 Birria + 1 Iced Tea
1232,2494002,QuesaBirria,2,2/1/2026,3:01:24 PM,109.5,219,UST USTET,Onsite,Main,Birria
1233,2494002,Iced Tea,1,2/1/2026,3:03:21 PM,40,40,UST USTET,Onsite,Beverage,Iced Tea
1234,2494003,QuesaBirria,2,2/1/2026,3:07:43 PM,109.5,219,UST USTET,Onsite,Main,Birria
1235,2494003,COMBO MEAL 1,1,2/1/2026,3:10:39 PM,149,149,UST USTET,Onsite,Combo,1 Birria + 1 Iced Tea
1236,2494004,QuesaBirria,2,2/1/2026,3:11:52 PM,109.5,219,UST USTET,Onsite,Main,Birria
1237,2494005,COMBO MEAL 1,1,2/1/2026,3:13:55 PM,149,149,UST USTET,Onsite,Combo,1 Birria + 1 Iced Tea
1238,2494006,QuesaBirria,2,2/1/2026,3:15:59 PM,109.5,219,UST USTET,Onsite,Main,Birria
1239,2494006,Iced Tea,1,2/1/2026,3:17:43 PM,40,40,UST USTET,Onsite,Beverage,Iced Tea
1240,2494007,QuesaBirria,2,2/1/2026,3:23:39 PM,109.5,219,UST USTET,Onsite,Main,Birria
1241,2494008,QuesaBirria,2,2/1/2026,3:23:56 PM,109.5,219,UST USTET,Onsite,Main,Birria
1242,2494009,QuesaBirria,1,2/1/2026,3:25:10 PM,119,119,UST USTET,Onsite,Main,Birria
1243,2494010,QuesaBirria,2,2/1/2026,3:26:45 PM,109.5,219,UST USTET,Onsite,Main,Birria
1244,2494011,QuesaBirria,2,2/1/2026,3:30:52 PM,109.5,219,UST USTET,Onsite,Main,Birria
1245,2494012,QuesaBirria,2,2/1/2026,3:31:28 PM,109.5,219,UST USTET,Onsite,Main,Birria
1246,2494013,QuesaBirria,2,2/1/2026,3:42:58 PM,109.5,219,UST USTET,Onsite,Main,Birria
1247,2494014,COMBO MEAL 2,1,2/1/2026,3:50:10 PM,249,249,UST USTET,Onsite,Combo,2 Birria + 1 Iced Tea
1248,2494015,QuesaBirria,2,2/1/2026,3:50:43 PM,109.5,219,UST USTET,Onsite,Main,Birria
1249,2494016,COMBO MEAL 2,2,2/1/2026,3:53:55 PM,249,498,UST USTET,Onsite,Combo,2 Birria + 1 Iced Tea
1250,2494016,Iced Tea,2,2/1/2026,4:07:34 PM,40,80,UST USTET,Onsite,Beverage,Iced Tea
1251,2494017,COMBO MEAL 1,1,2/1/2026,4:14:16 PM,149,149,UST USTET,Onsite,Combo,1 Birria + 1 Iced Tea
1252,2494018,QuesaBirria,1,2/1/2026,4:17:56 PM,119,119,UST USTET,Onsite,Main,Birria
1253,2494019,QuesaBirria,1,2/1/2026,4:21:59 PM,119,119,UST USTET,Onsite,Main,Birria
1254,2494020,QuesaBirria,1,2/1/2026,4:24:06 PM,119,119,UST USTET,Onsite,Main,Birria
1255,2494021,QuesaBirria,2,2/1/2026,4:25:17 PM,109.5,219,UST USTET,Onsite,Main,Birria
1256,2494026,QuesaBirria,2,2/16/2026,11:29:07 AM,109.5,219,UST ACES,Onsite,Main,Birria
1257,2494027,QuesaBirria,1,2/16/2026,11:31:29 AM,119,119,UST ACES,Onsite,Main,Birria
1258,2494028,QuesaBirria,2,2/16/2026,11:37:17 AM,109.5,219,UST ACES,Onsite,Main,Birria
1259,2494029,QuesaBirria,2,2/16/2026,11:44:16 AM,109.5,219,UST ACES,Onsite,Main,Birria
1260,2494030,QuesaBirria,2,2/16/2026,11:55:25 AM,109.5,219,UST ACES,Onsite,Main,Birria
1261,2494031,QuesaBirria,2,2/16/2026,11:55:55 AM,109.5,219,UST ACES,Onsite,Main,Birria
1262,2494032,QuesaBirria,2,2/16/2026,11:57:24 AM,109.5,219,UST ACES,Onsite,Main,Birria
1263,2494033,QuesaBirria,2,2/16/2026,12:03:44 PM,109.5,219,UST ACES,Onsite,Main,Birria
1264,2494034,QuesaBirria,2,2/16/2026,12:07:39 PM,109.5,219,UST ACES,Onsite,Main,Birria
1265,2494035,QuesaBirria,2,2/16/2026,12:10:29 PM,109.5,219,UST ACES,Onsite,Main,Birria
1266,2494036,QuesaBirria,2,2/16/2026,12:18:57 PM,109.5,219,UST ACES,Onsite,Main,Birria
1267,2494037,QuesaBirria,2,2/16/2026,12:22:44 PM,109.5,219,UST ACES,Onsite,Main,Birria
1268,2494038,QuesaBirria,2,2/16/2026,12:42:27 PM,109.5,219,UST ACES,Onsite,Main,Birria
1269,2494039,QuesaBirria,1,2/16/2026,12:43:25 PM,119,119,UST ACES,Onsite,Main,Birria
1270,2494040,QuesaBirria,2,2/16/2026,12:44:39 PM,109.5,219,UST ACES,Onsite,Main,Birria
1271,2494042,QuesaBirria,2,2/16/2026,12:49:22 PM,109.5,219,UST ACES,Onsite,Main,Birria
1272,2494043,QuesaBirria,2,2/16/2026,1:04:12 PM,109.5,219,UST ACES,Onsite,Main,Birria
1273,2494044,QuesaBirria,1,2/16/2026,1:04:28 PM,119,119,UST ACES,Onsite,Main,Birria
1274,2494045,QuesaBirria,1,2/16/2026,1:06:32 PM,119,119,UST ACES,Onsite,Main,Birria
1275,2494046,QuesaBirria,2,2/16/2026,1:07:02 PM,109.5,219,UST ACES,Onsite,Main,Birria
1276,2494047,QuesaBirria,1,2/16/2026,1:12:15 PM,119,119,UST ACES,Onsite,Main,Birria
1277,2494048,QuesaBirria,2,2/16/2026,1:13:50 PM,109.5,219,UST ACES,Onsite,Main,Birria
1278,2494049,QuesaBirria,1,2/16/2026,1:18:03 PM,119,119,UST ACES,Onsite,Main,Birria
1279,2494050,QuesaBirria,2,2/16/2026,1:23:04 PM,109.5,219,UST ACES,Onsite,Main,Birria
1280,2494051,QuesaBirria,1,2/16/2026,1:28:14 PM,119,119,UST ACES,Onsite,Main,Birria
1281,2494052,QuesaBirria,2,2/16/2026,1:37:40 PM,109.5,219,UST ACES,Onsite,Main,Birria
1282,2494053,QuesaBirria,2,2/16/2026,1:41:02 PM,109.5,219,UST ACES,Onsite,Main,Birria
1283,2494054,QuesaBirria,2,2/16/2026,2:07:23 PM,109.5,219,UST ACES,Onsite,Main,Birria
1284,2494055,QuesaBirria,2,2/16/2026,2:17:02 PM,109.5,219,UST ACES,Onsite,Main,Birria
1285,2494056,QuesaBirria,4,2/16/2026,2:25:19 PM,109.5,438,UST ACES,Onsite,Main,Birria
1286,2494057,QuesaBirria,1,2/16/2026,3:05:52 PM,119,119,UST ACES,Onsite,Main,Birria
1287,2494058,QuesaBirria,2,2/16/2026,3:07:20 PM,119,238,UST ACES,Onsite,Main,Birria
1288,2494059,QuesaBirria,2,2/16/2026,3:43:47 PM,109.5,219,UST ACES,Onsite,Main,Birria
1289,2494060,QuesaBirria,4,2/16/2026,3:47:35 PM,109.5,438,UST ACES,Onsite,Main,Birria
1290,2494061,QuesaBirria,1,2/16/2026,3:52:32 PM,119,119,UST ACES,Onsite,Main,Birria
1291,2494062,QuesaBirria,2,2/16/2026,3:54:37 PM,109.5,219,UST ACES,Onsite,Main,Birria
1292,2494063,QuesaBirria,2,2/16/2026,3:56:27 PM,109.5,219,UST ACES,Onsite,Main,Birria
1293,2494064,QuesaBirria,2,2/16/2026,3:56:45 PM,109.5,219,UST ACES,Onsite,Main,Birria
1294,2494065,QuesaBirria,2,2/16/2026,3:58:15 PM,109.5,219,UST ACES,Onsite,Main,Birria
1295,2494066,QuesaBirria,2,2/16/2026,4:09:29 PM,109.5,219,UST ACES,Onsite,Main,Birria
1296,2494067,QuesaBirria,2,2/16/2026,4:10:11 PM,109.5,219,UST ACES,Onsite,Main,Birria
1297,2494069,QuesaBirria,2,2/16/2026,4:17:00 PM,109.5,219,UST ACES,Onsite,Main,Birria
1298,2494070,QuesaBirria,2,2/16/2026,4:20:15 PM,109.5,219,UST ACES,Onsite,Main,Birria
1299,2494071,QuesaBirria,1,2/16/2026,4:30:18 PM,119,119,UST ACES,Onsite,Main,Birria
1300,2494072,QuesaBirria,1,2/16/2026,4:43:48 PM,119,119,UST ACES,Onsite,Main,Birria
1301,2494073,QuesaBirria,1,2/16/2026,4:48:37 PM,119,119,UST ACES,Onsite,Main,Birria
1302,2494126,QuesaBirria,2,2/16/2026,4:55:02 PM,109.5,219,UST ACES,Onsite,Main,Birria
1303,2494127,QuesaBirria,2,2/16/2026,5:02:10 PM,109.5,219,UST ACES,Onsite,Main,Birria
1304,2494128,QuesaBirria,1,2/16/2026,5:03:22 PM,119,119,UST ACES,Onsite,Main,Birria
1305,2494129,QuesaBirria,4,2/16/2026,5:06:25 PM,109.5,438,UST ACES,Onsite,Main,Birria
1306,2494130,QuesaBirria,2,2/16/2026,5:26:14 PM,109.5,219,UST ACES,Onsite,Main,Birria
1307,2494131,QuesaBirria,1,2/16/2026,5:27:15 PM,119,119,UST ACES,Onsite,Main,Birria
1308,2494132,QuesaBirria,1,2/16/2026,5:31:02 PM,119,119,UST ACES,Onsite,Main,Birria
1309,2494133,QuesaBirria,2,2/16/2026,5:32:47 PM,109.5,219,UST ACES,Onsite,Main,Birria
1310,2494134,QuesaBirria,2,2/16/2026,5:34:01 PM,109.5,219,UST ACES,Onsite,Main,Birria
1311,2494135,QuesaBirria,2,2/16/2026,5:36:02 PM,109.5,219,UST ACES,Onsite,Main,Birria
1312,2494136,QuesaBirria,2,2/16/2026,5:44:30 PM,109.5,219,UST ACES,Onsite,Main,Birria
1313,2494137,QuesaBirria,2,2/16/2026,5:59:13 PM,109.5,219,UST ACES,Onsite,Main,Birria
1314,2494138,QuesaBirria,1,2/16/2026,6:05:18 PM,119,119,UST ACES,Onsite,Main,Birria
1315,2494139,QuesaBirria,1,2/16/2026,6:18:16 PM,119,119,UST ACES,Onsite,Main,Birria
1316,2494151,QuesaBirria,2,2/18/2026,11:16:41 AM,109.5,219,UST ACES,Onsite,Main,Birria
1317,2494152,QuesaBirria,2,2/18/2026,11:16:48 AM,109.5,219,UST ACES,Onsite,Main,Birria
1318,2494153,QuesaBirria,2,2/18/2026,11:16:57 AM,109.5,219,UST ACES,Onsite,Main,Birria
1319,2494154,QuesaBirria,2,2/18/2026,11:21:40 AM,109.5,219,UST ACES,Onsite,Main,Birria
1320,2494155,QuesaBirria,2,2/18/2026,11:49:11 AM,109.5,219,UST ACES,Onsite,Main,Birria
1321,2494156,QuesaBirria,2,2/18/2026,12:03:31 PM,109.5,219,UST ACES,Onsite,Main,Birria
1322,2494157,QuesaBirria,1,2/18/2026,12:05:37 PM,119,119,UST ACES,Onsite,Main,Birria
1323,2494158,QuesaBirria,2,2/18/2026,12:08:34 PM,109.5,219,UST ACES,Onsite,Main,Birria
1324,2494159,QuesaBirria,2,2/18/2026,12:18:42 PM,109.5,219,UST ACES,Onsite,Main,Birria
1325,2494160,QuesaBirria,2,2/18/2026,12:19:54 PM,109.5,219,UST ACES,Onsite,Main,Birria
1326,2494161,QuesaBirria,1,2/18/2026,12:40:34 PM,119,119,UST ACES,Onsite,Main,Birria
1327,2494162,QuesaBirria,2,2/18/2026,12:53:04 PM,109.5,219,UST ACES,Onsite,Main,Birria
1328,2494163,QuesaBirria,1,2/18/2026,12:54:35 PM,119,119,UST ACES,Onsite,Main,Birria
1329,2494164,QuesaBirria,2,2/18/2026,12:58:09 PM,109.5,219,UST ACES,Onsite,Main,Birria
1330,2494165,QuesaBirria,2,2/18/2026,1:00:59 PM,109.5,219,UST ACES,Onsite,Main,Birria
1331,2494166,QuesaBirria,2,2/18/2026,1:02:04 PM,109.5,219,UST ACES,Onsite,Main,Birria
1332,2494167,QuesaBirria,1,2/18/2026,1:03:36 PM,119,119,UST ACES,Onsite,Main,Birria
1333,2494168,QuesaBirria,1,2/18/2026,1:14:05 PM,119,119,UST ACES,Onsite,Main,Birria
1334,2494169,QuesaBirria,2,2/18/2026,1:16:18 PM,109.5,219,UST ACES,Onsite,Main,Birria
1335,2494170,QuesaBirria,2,2/18/2026,1:17:58 PM,109.5,219,UST ACES,Onsite,Main,Birria
1336,2494171,QuesaBirria,2,2/18/2026,1:19:54 PM,109.5,219,UST ACES,Onsite,Main,Birria
1337,2494172,QuesaBirria,1,2/18/2026,1:21:32 PM,119,119,UST ACES,Onsite,Main,Birria
1338,2494173,QuesaBirria,2,2/18/2026,1:26:25 PM,109.5,219,UST ACES,Onsite,Main,Birria
1339,2494174,QuesaBirria,2,2/18/2026,1:27:03 PM,109.5,219,UST ACES,Onsite,Main,Birria
1340,2494175,QuesaBirria,2,2/18/2026,1:39:40 PM,109.5,219,UST ACES,Onsite,Main,Birria
1341,2494176,QuesaBirria,2,2/18/2026,1:55:44 PM,109.5,219,UST ACES,Onsite,Main,Birria
1342,2494177,QuesaBirria,1,2/18/2026,2:19:20 PM,119,119,UST ACES,Onsite,Main,Birria
1343,2494178,QuesaBirria,2,2/18/2026,2:27:57 PM,109.5,219,UST ACES,Onsite,Main,Birria
1344,2494179,QuesaBirria,2,2/18/2026,2:36:24 PM,109.5,219,UST ACES,Onsite,Main,Birria
1345,2494180,QuesaBirria,1,2/18/2026,2:49:34 PM,119,119,UST ACES,Onsite,Main,Birria
1346,2494181,QuesaBirria,2,2/18/2026,2:49:56 PM,109.5,219,UST ACES,Onsite,Main,Birria
1347,2494182,QuesaBirria,2,2/18/2026,3:01:01 PM,109.5,219,UST ACES,Onsite,Main,Birria
1348,2494183,QuesaBirria,2,2/18/2026,3:02:40 PM,109.5,219,UST ACES,Onsite,Main,Birria
1349,2494184,QuesaBirria,2,2/18/2026,4:08:27 PM,109.5,219,UST ACES,Onsite,Main,Birria
1350,2494185,QuesaBirria,1,2/18/2026,4:09:23 PM,119,119,UST ACES,Onsite,Main,Birria
1351,2494186,QuesaBirria,1,2/18/2026,4:12:38 PM,119,119,UST ACES,Onsite,Main,Birria
1352,2494187,QuesaBirria,2,2/18/2026,4:14:04 PM,109.5,219,UST ACES,Onsite,Main,Birria
1353,2494188,QuesaBirria,1,2/18/2026,4:16:21 PM,119,119,UST ACES,Onsite,Main,Birria
1354,2494189,QuesaBirria,2,2/18/2026,4:21:28 PM,109.5,219,UST ACES,Onsite,Main,Birria
1355,2494190,QuesaBirria,1,2/18/2026,4:27:40 PM,119,119,UST ACES,Onsite,Main,Birria
1356,2494191,QuesaBirria,1,2/18/2026,4:30:43 PM,119,119,UST ACES,Onsite,Main,Birria
1357,2494192,QuesaBirria,2,2/18/2026,4:31:07 PM,109.5,219,UST ACES,Onsite,Main,Birria
1358,2494193,QuesaBirria,2,2/18/2026,4:36:55 PM,109.5,219,UST ACES,Onsite,Main,Birria
1359,2494194,QuesaBirria,2,2/18/2026,4:42:58 PM,109.5,219,UST ACES,Onsite,Main,Birria
1360,2494195,QuesaBirria,2,2/18/2026,4:53:02 PM,109.5,219,UST ACES,Onsite,Main,Birria
1361,2494196,QuesaBirria,2,2/18/2026,4:55:02 PM,109.5,219,UST ACES,Onsite,Main,Birria
1362,2494197,QuesaBirria,2,2/18/2026,5:02:10 PM,109.5,219,UST ACES,Onsite,Main,Birria
1363,2494198,QuesaBirria,1,2/18/2026,5:03:22 PM,119,119,UST ACES,Onsite,Main,Birria
1364,2494199,QuesaBirria,2,2/18/2026,5:06:25 PM,109.5,219,UST ACES,Onsite,Main,Birria
1365,2494200,QuesaBirria,2,2/18/2026,5:26:14 PM,109.5,219,UST ACES,Onsite,Main,Birria
1366,2494201,QuesaBirria,1,2/18/2026,5:27:15 PM,119,119,UST ACES,Onsite,Main,Birria
1367,2494202,QuesaBirria,2,2/18/2026,6:54:09 PM,109.5,219,UST ACES,Onsite,Main,Birria
1368,2494203,QuesaBirria,2,2/18/2026,6:54:16 PM,109.5,219,UST ACES,Onsite,Main,Birria
1369,2494226,QuesaBirria,2,2/19/2026,1:12:21 PM,109.5,219,UST ACES,Onsite,Main,Birria
1370,2494227,QuesaBirria,2,2/19/2026,1:36:01 PM,109.5,219,UST ACES,Onsite,Main,Birria
1371,2494228,QuesaBirria,2,2/19/2026,1:39:33 PM,109.5,219,UST ACES,Onsite,Main,Birria
1372,2494229,QuesaBirria,2,2/19/2026,1:42:14 PM,109.5,219,UST ACES,Onsite,Main,Birria
1373,2494230,QuesaBirria,2,2/19/2026,1:52:29 PM,109.5,219,UST ACES,Onsite,Main,Birria
1374,2494231,QuesaBirria,2,2/19/2026,2:26:29 PM,119,238,UST ACES,Onsite,Main,Birria
1375,2494232,QuesaBirria,1,2/19/2026,2:34:51 PM,119,119,UST ACES,Onsite,Main,Birria
1376,2494233,QuesaBirria,2,2/19/2026,2:35:02 PM,109.5,219,UST ACES,Onsite,Main,Birria
1377,2494234,QuesaBirria,4,2/19/2026,2:35:10 PM,109.5,438,UST ACES,Onsite,Main,Birria
1378,2494235,QuesaBirria,2,2/19/2026,2:35:45 PM,109.5,219,UST ACES,Onsite,Main,Birria
1379,2494236,QuesaBirria,2,2/19/2026,2:35:58 PM,109.5,219,UST ACES,Onsite,Main,Birria
1380,2494237,QuesaBirria,2,2/19/2026,2:36:09 PM,109.5,219,UST ACES,Onsite,Main,Birria
1381,2494238,QuesaBirria,2,2/19/2026,2:36:20 PM,109.5,219,UST ACES,Onsite,Main,Birria
1382,2494239,QuesaBirria,1,2/19/2026,2:36:37 PM,119,119,UST ACES,Onsite,Main,Birria
1383,2494240,QuesaBirria,2,2/19/2026,2:36:45 PM,109.5,219,UST ACES,Onsite,Main,Birria
1384,2494241,QuesaBirria,2,2/19/2026,2:36:56 PM,109.5,219,UST ACES,Onsite,Main,Birria
1385,2494242,QuesaBirria,1,2/19/2026,2:37:09 PM,119,119,UST ACES,Onsite,Main,Birria
1386,2494243,QuesaBirria,2,2/19/2026,2:37:21 PM,109.5,219,UST ACES,Onsite,Main,Birria
1387,2494244,QuesaBirria,2,2/19/2026,2:37:30 PM,109.5,219,UST ACES,Onsite,Main,Birria
1388,2494245,QuesaBirria,2,2/19/2026,2:37:54 PM,109.5,219,UST ACES,Onsite,Main,Birria
1389,2494246,QuesaBirria,1,2/19/2026,2:38:07 PM,119,119,UST ACES,Onsite,Main,Birria
1390,2494247,QuesaBirria,2,2/19/2026,2:39:14 PM,109.5,219,UST ACES,Onsite,Main,Birria
1391,2494248,QuesaBirria,2,2/19/2026,2:39:43 PM,109.5,219,UST ACES,Onsite,Main,Birria
1392,2494249,QuesaBirria,2,2/19/2026,2:39:57 PM,109.5,219,UST ACES,Onsite,Main,Birria
1393,2494250,QuesaBirria,1,2/19/2026,2:40:18 PM,119,119,UST ACES,Onsite,Main,Birria
1394,2494251,QuesaBirria,2,2/19/2026,2:40:45 PM,109.5,219,UST ACES,Onsite,Main,Birria
1395,2494252,QuesaBirria,3,2/19/2026,2:41:00 PM,112.67,338,UST ACES,Onsite,Main,Birria
1396,2494276,QuesaBirria,2,2/19/2026,2:41:15 PM,109.5,219,UST ACES,Onsite,Main,Birria
1397,2494277,QuesaBirria,2,2/19/2026,2:41:28 PM,109.5,219,UST ACES,Onsite,Main,Birria
1398,2494278,QuesaBirria,1,2/19/2026,3:08:39 PM,119,119,UST ACES,Onsite,Main,Birria
1399,2494279,QuesaBirria,2,2/19/2026,3:29:29 PM,109.5,219,UST ACES,Onsite,Main,Birria
1400,2494280,QuesaBirria,2,2/19/2026,3:35:26 PM,109.5,219,UST ACES,Onsite,Main,Birria
1401,2494281,QuesaBirria,1,2/19/2026,3:35:50 PM,119,119,UST ACES,Onsite,Main,Birria
1402,2494282,QuesaBirria,2,2/19/2026,3:41:47 PM,109.5,219,UST ACES,Onsite,Main,Birria
1403,2494283,QuesaBirria,2,2/19/2026,3:48:23 PM,109.5,219,UST ACES,Onsite,Main,Birria
1404,2494284,QuesaBirria,2,2/19/2026,3:51:39 PM,109.5,219,UST ACES,Onsite,Main,Birria
1405,2494285,QuesaBirria,1,2/19/2026,4:09:42 PM,119,119,UST ACES,Onsite,Main,Birria
1406,2494286,QuesaBirria,1,2/19/2026,4:12:41 PM,119,119,UST ACES,Onsite,Main,Birria
1407,2494287,QuesaBirria,2,2/19/2026,4:17:59 PM,109.5,219,UST ACES,Onsite,Main,Birria
1408,2494288,QuesaBirria,1,2/19/2026,4:18:59 PM,119,119,UST ACES,Onsite,Main,Birria
1409,2494289,QuesaBirria,2,2/19/2026,4:19:56 PM,109.5,219,UST ACES,Onsite,Main,Birria
1410,2494290,QuesaBirria,2,2/19/2026,4:26:27 PM,109.5,219,UST ACES,Onsite,Main,Birria
1411,2494291,QuesaBirria,1,2/19/2026,4:29:34 PM,119,119,UST ACES,Onsite,Main,Birria
1412,2494292,QuesaBirria,1,2/19/2026,4:36:12 PM,119,119,UST ACES,Onsite,Main,Birria
1413,2494293,QuesaBirria,1,2/19/2026,4:43:35 PM,119,119,UST ACES,Onsite,Main,Birria
1414,2494294,QuesaBirria,2,2/19/2026,4:50:09 PM,109.5,219,UST ACES,Onsite,Main,Birria
1415,2494295,QuesaBirria,2,2/19/2026,4:58:22 PM,109.5,219,UST ACES,Onsite,Main,Birria
1416,2494296,QuesaBirria,1,2/19/2026,5:06:02 PM,119,119,UST ACES,Onsite,Main,Birria
1417,2494297,QuesaBirria,2,2/19/2026,5:11:49 PM,109.5,219,UST ACES,Onsite,Main,Birria
1418,2494298,QuesaBirria,2,2/19/2026,5:12:59 PM,109.5,219,UST ACES,Onsite,Main,Birria
1419,2494299,QuesaBirria,1,2/19/2026,5:27:46 PM,119,119,UST ACES,Onsite,Main,Birria
1420,2494300,QuesaBirria,4,2/19/2026,5:30:41 PM,109.5,438,UST ACES,Onsite,Main,Birria
1421,2494204,QuesaBirria,2,2/20/2026,9:58:03 AM,109.5,219,UST ACES,Onsite,Main,Birria
1422,2494205,QuesaBirria,2,2/20/2026,9:58:24 AM,109.5,219,UST ACES,Onsite,Main,Birria
1423,2494253,QuesaBirria,1,2/20/2026,10:02:48 AM,119,119,UST ACES,Onsite,Main,Birria
1424,2494254,QuesaBirria,2,2/20/2026,10:03:33 AM,109.5,219,UST ACES,Onsite,Main,Birria
1425,2494255,QuesaBirria,2,2/20/2026,10:08:24 AM,109.5,219,UST ACES,Onsite,Main,Birria
1426,2494256,QuesaBirria,2,2/20/2026,10:14:45 AM,109.5,219,UST ACES,Onsite,Main,Birria
1427,2494257,QuesaBirria,2,2/20/2026,10:17:12 AM,109.5,219,UST ACES,Onsite,Main,Birria
1428,2494258,QuesaBirria,2,2/20/2026,10:18:37 AM,109.5,219,UST ACES,Onsite,Main,Birria
1429,2494259,QuesaBirria,1,2/20/2026,11:22:09 AM,119,119,UST ACES,Onsite,Main,Birria
1430,2494260,QuesaBirria,2,2/20/2026,11:25:46 AM,109.5,219,UST ACES,Onsite,Main,Birria
1431,2494261,QuesaBirria,2,2/20/2026,11:25:55 AM,109.5,219,UST ACES,Onsite,Main,Birria
1432,2494262,QuesaBirria,2,2/20/2026,11:57:39 AM,109.5,219,UST ACES,Onsite,Main,Birria
1433,2494263,QuesaBirria,2,2/20/2026,12:07:15 PM,109.5,219,UST ACES,Onsite,Main,Birria
1434,2494264,QuesaBirria,2,2/20/2026,12:07:27 PM,109.5,219,UST ACES,Onsite,Main,Birria
1435,2494265,QuesaBirria,1,2/20/2026,12:11:05 PM,119,119,UST ACES,Onsite,Main,Birria
1436,2494266,QuesaBirria,2,2/20/2026,12:29:44 PM,109.5,219,UST ACES,Onsite,Main,Birria
1437,2494267,QuesaBirria,6,2/20/2026,12:37:28 PM,109.5,657,UST ACES,Onsite,Main,Birria
1438,2494268,QuesaBirria,2,2/20/2026,12:42:38 PM,109.5,219,UST ACES,Onsite,Main,Birria
1439,2494269,QuesaBirria,2,2/20/2026,1:09:21 PM,109.5,219,UST ACES,Onsite,Main,Birria
1440,2494270,QuesaBirria,2,2/20/2026,1:14:48 PM,109.5,219,UST ACES,Onsite,Main,Birria
1441,2494271,QuesaBirria,1,2/20/2026,1:35:49 PM,119,119,UST ACES,Onsite,Main,Birria
1442,2494272,QuesaBirria,2,2/20/2026,1:36:05 PM,109.5,219,UST ACES,Onsite,Main,Birria
1443,2494273,QuesaBirria,2,2/20/2026,1:40:48 PM,109.5,219,UST ACES,Onsite,Main,Birria
1444,2494274,QuesaBirria,1,2/20/2026,1:42:14 PM,119,119,UST ACES,Onsite,Main,Birria
1445,2494275,QuesaBirria,2,2/20/2026,1:52:29 PM,109.5,219,UST ACES,Onsite,Main,Birria
1446,2494206,QuesaBirria,1,2/24/2026,10:11:58 AM,119,119,UST SIBOL,Onsite,Main,Birria
1447,2494207,QuesaBirria,5,2/24/2026,10:11:58 AM,111.4,557,UST SIBOL,Onsite,Main,Birria
1448,2494208,QuesaBirria,2,2/24/2026,10:12:05 AM,109.5,219,UST SIBOL,Onsite,Main,Birria
1449,2494209,QuesaBirria,1,2/24/2026,10:22:38 AM,119,119,UST SIBOL,Onsite,Main,Birria
1450,2494210,QuesaBirria,1,2/24/2026,10:28:49 AM,119,119,UST SIBOL,Onsite,Main,Birria
1451,2494211,QuesaBirria,1,2/24/2026,10:31:07 AM,119,119,UST SIBOL,Onsite,Main,Birria
1452,2494212,QuesaBirria,2,2/24/2026,10:33:05 AM,109.5,219,UST SIBOL,Onsite,Main,Birria
1453,2494213,QuesaBirria,1,2/24/2026,10:43:47 AM,119,119,UST SIBOL,Onsite,Main,Birria
1454,2494214,QuesaBirria,1,2/24/2026,10:46:24 AM,119,119,UST SIBOL,Onsite,Main,Birria
1455,2494215,QuesaBirria,2,2/24/2026,10:48:04 AM,109.5,219,UST SIBOL,Onsite,Main,Birria
1456,2494216,QuesaBirria,2,2/24/2026,10:49:11 AM,109.5,219,UST SIBOL,Onsite,Main,Birria
1457,2494217,QuesaBirria,2,2/24/2026,10:50:25 AM,109.5,219,UST SIBOL,Onsite,Main,Birria
1458,2494218,QuesaBirria,2,2/24/2026,11:21:05 AM,109.5,219,UST SIBOL,Onsite,Main,Birria
1459,2494219,QuesaBirria,2,2/24/2026,11:24:50 AM,109.5,219,UST SIBOL,Onsite,Main,Birria
1460,2494220,QuesaBirria,1,2/24/2026,11:29:56 AM,119,119,UST SIBOL,Onsite,Main,Birria
1461,2494221,QuesaBirria,2,2/24/2026,11:43:37 AM,109.5,219,UST SIBOL,Onsite,Main,Birria
1462,2494222,QuesaBirria,2,2/24/2026,11:44:53 AM,109.5,219,UST SIBOL,Onsite,Main,Birria
1463,2494223,QuesaBirria,2,2/24/2026,11:46:22 AM,109.5,219,UST SIBOL,Onsite,Main,Birria
1464,2494224,QuesaBirria,2,2/24/2026,11:47:18 AM,109.5,219,UST SIBOL,Onsite,Main,Birria
1465,2494225,QuesaBirria,2,2/24/2026,11:50:34 AM,109.5,219,UST SIBOL,Onsite,Main,Birria
1466,2494426,QuesaBirria,2,2/24/2026,12:03:11 PM,109.5,219,UST SIBOL,Onsite,Main,Birria
1467,2494427,QuesaBirria,2,2/24/2026,12:04:56 PM,109.5,219,UST SIBOL,Onsite,Main,Birria
1468,2494428,QuesaBirria,2,2/24/2026,12:07:29 PM,109.5,219,UST SIBOL,Onsite,Main,Birria
1469,2494429,QuesaBirria,1,2/24/2026,12:14:14 PM,119,119,UST SIBOL,Onsite,Main,Birria
1470,2494430,QuesaBirria,2,2/24/2026,12:14:14 PM,109.5,219,UST SIBOL,Onsite,Main,Birria
1471,2494431,QuesaBirria,2,2/24/2026,12:19:35 PM,109.5,219,UST SIBOL,Onsite,Main,Birria
1472,2494432,QuesaBirria,2,2/24/2026,12:20:31 PM,109.5,219,UST SIBOL,Onsite,Main,Birria
1473,2494433,QuesaBirria,2,2/24/2026,12:32:37 PM,109.5,219,UST SIBOL,Onsite,Main,Birria
1474,2494434,QuesaBirria,3,2/24/2026,12:36:50 PM,112.67,338,UST SIBOL,Onsite,Main,Birria
1475,2494435,QuesaBirria,4,2/24/2026,12:38:25 PM,109.5,438,UST SIBOL,Onsite,Main,Birria
1476,2494436,QuesaBirria,2,2/24/2026,12:51:01 PM,109.5,219,UST SIBOL,Onsite,Main,Birria
1477,2494437,QuesaBirria,1,2/24/2026,12:53:33 PM,119,119,UST SIBOL,Onsite,Main,Birria
1478,2494438,QuesaBirria,2,2/24/2026,1:07:29 PM,109.5,219,UST SIBOL,Onsite,Main,Birria
1479,2494439,QuesaBirria,1,2/24/2026,1:14:34 PM,119,119,UST SIBOL,Onsite,Main,Birria
1480,2494440,QuesaBirria,1,2/24/2026,1:18:00 PM,119,119,UST SIBOL,Onsite,Main,Birria
1481,2494441,QuesaBirria,2,2/24/2026,1:18:54 PM,109.5,219,UST SIBOL,Onsite,Main,Birria
1482,2494442,QuesaBirria,2,2/24/2026,1:28:55 PM,109.5,219,UST SIBOL,Onsite,Main,Birria
1483,2494443,QuesaBirria,1,2/24/2026,1:30:42 PM,119,119,UST SIBOL,Onsite,Main,Birria
1484,2494444,QuesaBirria,2,2/24/2026,1:35:17 PM,109.5,219,UST SIBOL,Onsite,Main,Birria
1485,2494445,QuesaBirria,2,2/24/2026,2:02:01 PM,109.5,219,UST SIBOL,Onsite,Main,Birria
1486,2494446,QuesaBirria,2,2/24/2026,2:03:13 PM,109.5,219,UST SIBOL,Onsite,Main,Birria
1487,2494447,QuesaBirria,1,2/24/2026,2:27:10 PM,119,119,UST SIBOL,Onsite,Main,Birria
1488,2494448,QuesaBirria,2,2/24/2026,2:28:43 PM,109.5,219,UST SIBOL,Onsite,Main,Birria
1489,2494449,QuesaBirria,2,2/24/2026,2:32:17 PM,109.5,175.2,UST SIBOL,Onsite,Main,Birria
1490,2494450,QuesaBirria,1,2/24/2026,2:49:22 PM,119,119,UST SIBOL,Onsite,Main,Birria
1491,2907026,QuesaBirria,2,2/24/2026,3:07:09 PM,109.5,219,UST SIBOL,Onsite,Main,Birria
1492,2907027,QuesaBirria,4,2/24/2026,3:15:20 PM,109.5,438,UST SIBOL,Onsite,Main,Birria
1493,2907028,QuesaBirria,1,2/24/2026,3:19:29 PM,119,119,UST SIBOL,Onsite,Main,Birria
1494,2907029,QuesaBirria,2,2/24/2026,3:26:00 PM,109.5,219,UST SIBOL,Onsite,Main,Birria
1495,2907030,QuesaBirria,1,2/24/2026,3:26:07 PM,119,119,UST SIBOL,Onsite,Main,Birria
1496,2907031,QuesaBirria,2,2/24/2026,3:29:33 PM,109.5,219,UST SIBOL,Onsite,Main,Birria
1497,2907032,QuesaBirria,2,2/24/2026,3:30:15 PM,109.5,219,UST SIBOL,Onsite,Main,Birria
1498,2907033,QuesaBirria,2,2/24/2026,4:55:46 PM,109.5,219,UST SIBOL,Onsite,Main,Birria
1499,2907034,QuesaBirria,2,2/24/2026,4:56:02 PM,109.5,219,UST SIBOL,Onsite,Main,Birria
1500,2907035,QuesaBirria,2,2/24/2026,4:56:12 PM,109.5,219,UST SIBOL,Onsite,Main,Birria
1501,2907036,QuesaBirria,1,2/24/2026,4:56:25 PM,119,119,UST SIBOL,Onsite,Main,Birria
1502,2907037,QuesaBirria,2,2/24/2026,4:57:13 PM,109.5,219,UST SIBOL,Onsite,Main,Birria
1503,2907039,QuesaBirria,2,2/24/2026,5:17:34 PM,109.5,219,UST SIBOL,Onsite,Main,Birria
1504,2907040,QuesaBirria,2,2/24/2026,5:25:25 PM,109.5,219,UST SIBOL,Onsite,Main,Birria
1505,2907041,QuesaBirria,2,2/24/2026,5:27:49 PM,109.5,219,UST SIBOL,Onsite,Main,Birria
1506,2907042,QuesaBirria,2,2/24/2026,5:29:32 PM,109.5,219,UST SIBOL,Onsite,Main,Birria
1507,2907043,QuesaBirria,2,2/24/2026,5:34:38 PM,109.5,219,UST SIBOL,Onsite,Main,Birria
1508,2907044,QuesaBirria,1,2/24/2026,6:03:00 PM,119,119,UST SIBOL,Onsite,Main,Birria
1509,2907045,QuesaBirria,2,2/24/2026,6:04:07 PM,109.5,219,UST SIBOL,Onsite,Main,Birria
1510,2907046,QuesaBirria,2,2/24/2026,6:04:53 PM,109.5,219,UST SIBOL,Onsite,Main,Birria
1511,2907047,QuesaBirria,1,2/24/2026,6:07:07 PM,119,119,UST SIBOL,Onsite,Main,Birria
1512,2907048,QuesaBirria,2,2/24/2026,6:09:06 PM,109.5,219,UST SIBOL,Onsite,Main,Birria
1513,2907049,QuesaBirria,1,2/24/2026,6:12:31 PM,119,119,UST SIBOL,Onsite,Main,Birria
1514,2907050,QuesaBirria,1,2/24/2026,6:14:43 PM,119,119,UST SIBOL,Onsite,Main,Birria
1515,2907051,QuesaBirria,2,2/24/2026,6:22:20 PM,109.5,219,UST SIBOL,Onsite,Main,Birria
1516,2907052,QuesaBirria,1,2/24/2026,11:24:25 PM,119,119,UST SIBOL,Onsite,Main,Birria
1517,2907053,QuesaBirria,1,2/24/2026,11:24:33 PM,119,119,UST SIBOL,Onsite,Main,Birria
1518,2907054,QuesaBirria,2,2/24/2026,11:24:40 PM,109.5,219,UST SIBOL,Onsite,Main,Birria
1519,2907055,QuesaBirria,2,2/24/2026,11:24:49 PM,109.5,219,UST SIBOL,Onsite,Main,Birria
1520,2907056,QuesaBirria,1,2/24/2026,11:46:28 PM,119,119,UST SIBOL,Onsite,Main,Birria
1521,2907057,QuesaBirria,1,2/24/2026,11:46:34 PM,119,119,UST SIBOL,Onsite,Main,Birria
1522,2907058,QuesaBirria,2,2/24/2026,11:46:41 PM,109.5,219,UST SIBOL,Onsite,Main,Birria
1523,2907038,QuesaBirria,8,2/26/2026,11:33:54 AM,109.5,876,UST SIBOL,Onsite,Main,Birria
1524,2907059,QuesaBirria,1,2/26/2026,11:35:14 AM,119,119,UST SIBOL,Onsite,Main,Birria
1525,2907060,QuesaBirria,2,2/26/2026,11:39:22 AM,109.5,219,UST SIBOL,Onsite,Main,Birria
1526,2907061,QuesaBirria,1,2/26/2026,11:42:19 AM,119,119,UST SIBOL,Onsite,Main,Birria
1527,2907062,QuesaBirria,2,2/26/2026,12:07:26 PM,109.5,219,UST SIBOL,Onsite,Main,Birria
1528,2907063,QuesaBirria,2,2/26/2026,12:10:07 PM,109.5,219,UST SIBOL,Onsite,Main,Birria
1529,2907064,QuesaBirria,1,2/26/2026,12:10:50 PM,119,119,UST SIBOL,Onsite,Main,Birria
1530,2907066,QuesaBirria,4,2/26/2026,12:12:09 PM,109.5,438,UST SIBOL,Onsite,Main,Birria
1531,2907067,QuesaBirria,2,2/26/2026,12:13:19 PM,109.5,219,UST SIBOL,Onsite,Main,Birria
1532,2907068,QuesaBirria,2,2/26/2026,12:18:04 PM,109.5,219,UST SIBOL,Onsite,Main,Birria
1533,2907069,QuesaBirria,2,2/26/2026,12:20:33 PM,109.5,219,UST SIBOL,Onsite,Main,Birria
1534,2907070,QuesaBirria,2,2/26/2026,12:21:56 PM,109.5,219,UST SIBOL,Onsite,Main,Birria
1535,2907071,QuesaBirria,1,2/26/2026,12:27:21 PM,119,119,UST SIBOL,Onsite,Main,Birria
1536,2907072,QuesaBirria,1,2/26/2026,12:33:16 PM,119,119,UST SIBOL,Onsite,Main,Birria
1537,2907073,QuesaBirria,2,2/26/2026,12:35:39 PM,109.5,219,UST SIBOL,Onsite,Main,Birria
1538,2907074,QuesaBirria,2,2/26/2026,12:39:03 PM,109.5,219,UST SIBOL,Onsite,Main,Birria
1539,2907075,QuesaBirria,2,2/26/2026,12:45:32 PM,109.5,219,UST SIBOL,Onsite,Main,Birria
1540,2907126,QuesaBirria,4,2/26/2026,12:47:46 PM,109.5,438,UST SIBOL,Onsite,Main,Birria
1541,2907127,QuesaBirria,4,2/26/2026,12:50:17 PM,109.5,438,UST SIBOL,Onsite,Main,Birria
1542,2907128,QuesaBirria,2,2/26/2026,12:53:29 PM,109.5,219,UST SIBOL,Onsite,Main,Birria
1543,2907129,QuesaBirria,2,2/26/2026,12:53:59 PM,109.5,219,UST SIBOL,Onsite,Main,Birria
1544,2907130,QuesaBirria,1,2/26/2026,12:54:37 PM,119,119,UST SIBOL,Onsite,Main,Birria
1545,2907131,QuesaBirria,2,2/26/2026,12:55:15 PM,109.5,219,UST SIBOL,Onsite,Main,Birria
1546,2907132,QuesaBirria,2,2/26/2026,12:56:04 PM,109.5,219,UST SIBOL,Onsite,Main,Birria
1547,2907133,QuesaBirria,2,2/26/2026,1:02:54 PM,109.5,219,UST SIBOL,Onsite,Main,Birria
1548,2907134,QuesaBirria,1,2/26/2026,1:08:26 PM,119,119,UST SIBOL,Onsite,Main,Birria
1549,2907135,QuesaBirria,2,2/26/2026,1:09:30 PM,109.5,219,UST SIBOL,Onsite,Main,Birria
1550,2907136,QuesaBirria,1,2/26/2026,1:10:36 PM,119,119,UST SIBOL,Onsite,Main,Birria
1551,2907137,QuesaBirria,2,2/26/2026,1:45:22 PM,109.5,219,UST SIBOL,Onsite,Main,Birria
1552,2907138,QuesaBirria,2,2/26/2026,1:50:42 PM,109.5,219,UST SIBOL,Onsite,Main,Birria
1553,2907139,QuesaBirria,2,2/26/2026,2:04:59 PM,109.5,219,UST SIBOL,Onsite,Main,Birria
1554,2907140,QuesaBirria,4,2/26/2026,2:05:33 PM,109.5,438,UST SIBOL,Onsite,Main,Birria
1555,2907141,QuesaBirria,2,2/26/2026,2:06:30 PM,109.5,219,UST SIBOL,Onsite,Main,Birria
1556,2907142,QuesaBirria,2,2/26/2026,2:07:23 PM,109.5,219,UST SIBOL,Onsite,Main,Birria
1557,2907143,QuesaBirria,2,2/26/2026,2:09:24 PM,109.5,219,UST SIBOL,Onsite,Main,Birria
1558,2907144,QuesaBirria,2,2/26/2026,2:10:22 PM,109.5,219,UST SIBOL,Onsite,Main,Birria
1559,2907145,QuesaBirria,2,2/26/2026,2:19:46 PM,109.5,219,UST SIBOL,Onsite,Main,Birria
1560,2907146,QuesaBirria,1,2/26/2026,2:20:49 PM,119,119,UST SIBOL,Onsite,Main,Birria
1561,2907147,QuesaBirria,1,2/26/2026,2:21:38 PM,119,119,UST SIBOL,Onsite,Main,Birria
1562,2907148,QuesaBirria,1,2/26/2026,2:31:02 PM,119,119,UST SIBOL,Onsite,Main,Birria
1563,2907149,QuesaBirria,2,2/26/2026,2:32:19 PM,109.5,219,UST SIBOL,Onsite,Main,Birria
1564,2907150,QuesaBirria,2,2/26/2026,2:35:57 PM,109.5,219,UST SIBOL,Onsite,Main,Birria
1565,2907151,QuesaBirria,2,2/26/2026,2:35:57 PM,109.5,219,UST SIBOL,Onsite,Main,Birria
1566,2907152,QuesaBirria,2,2/26/2026,2:38:08 PM,109.5,219,UST SIBOL,Onsite,Main,Birria
1567,2907153,QuesaBirria,2,2/26/2026,2:39:21 PM,109.5,219,UST SIBOL,Onsite,Main,Birria
1568,2907154,QuesaBirria,2,2/26/2026,2:50:39 PM,109.5,219,UST SIBOL,Onsite,Main,Birria
1569,2907155,QuesaBirria,2,2/26/2026,2:50:52 PM,109.5,219,UST SIBOL,Onsite,Main,Birria
1570,2907156,QuesaBirria,1,2/26/2026,2:56:48 PM,119,119,UST SIBOL,Onsite,Main,Birria
1571,2907157,QuesaBirria,2,2/26/2026,3:02:03 PM,109.5,219,UST SIBOL,Onsite,Main,Birria
1572,2907158,QuesaBirria,2,2/26/2026,4:23:59 PM,109.5,219,UST SIBOL,Onsite,Main,Birria
1573,2907159,QuesaBirria,1,2/26/2026,4:25:05 PM,119,119,UST SIBOL,Onsite,Main,Birria
1574,2907160,QuesaBirria,2,2/26/2026,4:30:32 PM,109.5,219,UST SIBOL,Onsite,Main,Birria
1575,2907161,QuesaBirria,2,2/26/2026,4:37:49 PM,109.5,219,UST SIBOL,Onsite,Main,Birria
1576,2907162,QuesaBirria,3,2/26/2026,4:41:48 PM,112.67,338,UST SIBOL,Onsite,Main,Birria
1577,2907163,QuesaBirria,2,2/26/2026,4:43:29 PM,109.5,219,UST SIBOL,Onsite,Main,Birria
1578,2907164,QuesaBirria,2,2/26/2026,4:53:19 PM,109.5,219,UST SIBOL,Onsite,Main,Birria
1579,2907165,QuesaBirria,1,2/26/2026,4:54:38 PM,119,119,UST SIBOL,Onsite,Main,Birria
1580,2907166,QuesaBirria,1,2/26/2026,4:59:57 PM,119,119,UST SIBOL,Onsite,Main,Birria
1581,2907167,QuesaBirria,2,2/26/2026,5:02:03 PM,109.5,219,UST SIBOL,Onsite,Main,Birria
1582,2907168,QuesaBirria,2,2/26/2026,5:02:35 PM,109.5,219,UST SIBOL,Onsite,Main,Birria
1583,2907169,QuesaBirria,1,2/26/2026,5:07:17 PM,119,119,UST SIBOL,Onsite,Main,Birria
1584,2907170,QuesaBirria,2,2/26/2026,5:09:32 PM,109.5,219,UST SIBOL,Onsite,Main,Birria
1585,2907171,QuesaBirria,2,2/26/2026,5:11:57 PM,109.5,219,UST SIBOL,Onsite,Main,Birria
1586,2907172,QuesaBirria,4,2/26/2026,5:13:59 PM,109.5,438,UST SIBOL,Onsite,Main,Birria
1587,2907173,QuesaBirria,2,2/26/2026,5:18:04 PM,109.5,219,UST SIBOL,Onsite,Main,Birria
1588,2907174,QuesaBirria,2,2/26/2026,5:18:28 PM,109.5,219,UST SIBOL,Onsite,Main,Birria
1589,2907175,QuesaBirria,1,2/26/2026,5:19:31 PM,119,119,UST SIBOL,Onsite,Main,Birria
1590,2907176,QuesaBirria,2,2/26/2026,5:22:49 PM,109.5,219,UST SIBOL,Onsite,Main,Birria
1591,2907177,QuesaBirria,2,2/26/2026,5:25:20 PM,109.5,219,UST SIBOL,Onsite,Main,Birria
1592,2907178,QuesaBirria,6,2/26/2026,5:29:47 PM,109.5,657,UST SIBOL,Onsite,Main,Birria
1593,2907179,QuesaBirria,2,2/26/2026,5:31:22 PM,109.5,219,UST SIBOL,Onsite,Main,Birria
1594,2907180,QuesaBirria,2,2/26/2026,5:32:41 PM,109.5,219,UST SIBOL,Onsite,Main,Birria
1595,2907181,QuesaBirria,2,2/26/2026,5:33:57 PM,109.5,219,UST SIBOL,Onsite,Main,Birria
1596,2907182,QuesaBirria,2,2/26/2026,5:37:25 PM,109.5,219,UST SIBOL,Onsite,Main,Birria
1597,2907183,QuesaBirria,2,2/26/2026,5:38:13 PM,109.5,219,UST SIBOL,Onsite,Main,Birria
1598,2907184,QuesaBirria,1,2/26/2026,5:40:20 PM,119,119,UST SIBOL,Onsite,Main,Birria
1599,2907185,QuesaBirria,2,2/26/2026,5:42:00 PM,109.5,175.2,UST SIBOL,Onsite,Main,Birria
1600,2907186,QuesaBirria,1,2/26/2026,5:50:42 PM,119,119,UST SIBOL,Onsite,Main,Birria
1601,2907187,QuesaBirria,1,2/26/2026,6:03:00 PM,119,119,UST SIBOL,Onsite,Main,Birria
1602,2907188,QuesaBirria,2,2/26/2026,6:04:07 PM,109.5,219,UST SIBOL,Onsite,Main,Birria
1603,2907189,QuesaBirria,2,2/26/2026,6:04:53 PM,109.5,219,UST SIBOL,Onsite,Main,Birria
1604,2907190,QuesaBirria,2,2/26/2026,6:07:07 PM,109.5,219,UST SIBOL,Onsite,Main,Birria
1605,2907191,QuesaBirria,2,2/26/2026,6:09:06 PM,109.5,219,UST SIBOL,Onsite,Main,Birria
1606,2907192,QuesaBirria,1,2/26/2026,6:12:31 PM,119,119,UST SIBOL,Onsite,Main,Birria
1607,2907193,QuesaBirria,1,2/26/2026,6:14:43 PM,119,119,UST SIBOL,Onsite,Main,Birria
1608,2907194,QuesaBirria,2,2/26/2026,6:22:20 PM,109.5,219,UST SIBOL,Onsite,Main,Birria
1609,2907195,QuesaBirria,2,2/26/2026,6:23:14 PM,109.5,219,UST SIBOL,Onsite,Main,Birria
1610,2907196,QuesaBirria,1,2/26/2026,11:26:00 PM,119,119,UST SIBOL,Onsite,Main,Birria
1611,2907197,QuesaBirria,1,2/26/2026,11:59:28 PM,119,119,UST SIBOL,Onsite,Main,Birria
1612,2907198,QuesaBirria,6,2/26/2026,11:59:34 PM,109.5,657,UST SIBOL,Onsite,Main,Birria
1613,2907199,QuesaBirria,2,2/26/2026,11:59:41 PM,109.5,219,UST SIBOL,Onsite,Main,Birria
1614,2907200,QuesaBirria,2,2/26/2026,11:59:52 PM,109.5,219,UST SIBOL,Onsite,Main,Birria
1615,2907076,QuesaBirria,2,2/26/2026,10:11:58 AM,109.5,219,UST Chemical Engineering Week,Onsite,Main,Birria
1616,2907077,QuesaBirria,4,2/26/2026,10:12:05 AM,109.5,438,UST Chemical Engineering Week,Onsite,Main,Birria
1617,2907078,QuesaBirria,1,2/26/2026,10:22:38 AM,119,119,UST Chemical Engineering Week,Onsite,Main,Birria
1618,2907079,QuesaBirria,1,2/26/2026,10:28:49 AM,119,119,UST Chemical Engineering Week,Onsite,Main,Birria
1619,2907080,QuesaBirria,2,2/26/2026,10:31:07 AM,109.5,219,UST Chemical Engineering Week,Onsite,Main,Birria
1620,2907081,QuesaBirria,2,2/26/2026,10:33:05 AM,109.5,219,UST Chemical Engineering Week,Onsite,Main,Birria
1621,2907082,QuesaBirria,2,2/26/2026,10:43:47 AM,109.5,219,UST Chemical Engineering Week,Onsite,Main,Birria
1622,2907083,QuesaBirria,2,2/26/2026,10:46:24 AM,109.5,219,UST Chemical Engineering Week,Onsite,Main,Birria
1623,2907084,QuesaBirria,2,2/26/2026,10:48:04 AM,109.5,219,UST Chemical Engineering Week,Onsite,Main,Birria
1624,2907085,QuesaBirria,1,2/26/2026,10:49:11 AM,119,119,UST Chemical Engineering Week,Onsite,Main,Birria
1625,2907086,QuesaBirria,2,2/26/2026,10:50:25 AM,109.5,219,UST Chemical Engineering Week,Onsite,Main,Birria
1626,2907087,QuesaBirria,2,2/26/2026,11:21:05 AM,109.5,219,UST Chemical Engineering Week,Onsite,Main,Birria
1627,2907088,QuesaBirria,2,2/26/2026,11:24:50 AM,109.5,219,UST Chemical Engineering Week,Onsite,Main,Birria
1628,2907089,QuesaBirria,1,2/26/2026,11:29:56 AM,119,119,UST Chemical Engineering Week,Onsite,Main,Birria
1629,2907090,QuesaBirria,1,2/26/2026,11:43:37 AM,119,119,UST Chemical Engineering Week,Onsite,Main,Birria
1630,2907091,QuesaBirria,2,2/26/2026,11:44:53 AM,109.5,219,UST Chemical Engineering Week,Onsite,Main,Birria
1631,2907092,QuesaBirria,1,2/26/2026,11:46:22 AM,119,119,UST Chemical Engineering Week,Onsite,Main,Birria
1632,2907093,QuesaBirria,2,2/26/2026,11:47:18 AM,109.5,219,UST Chemical Engineering Week,Onsite,Main,Birria
1633,2907201,QuesaBirria,4,2/27/2026,11:24:18 AM,109.5,438,UST SIBOL,Onsite,Main,Birria
1634,2907202,QuesaBirria,2,2/27/2026,11:25:46 AM,109.5,219,UST SIBOL,Onsite,Main,Birria
1635,2907203,QuesaBirria,6,2/27/2026,11:33:46 AM,109.5,657,UST SIBOL,Onsite,Main,Birria
1636,2907204,QuesaBirria,1,2/27/2026,11:35:14 AM,119,119,UST SIBOL,Onsite,Main,Birria
1637,2907205,QuesaBirria,2,2/27/2026,11:58:55 AM,109.5,219,UST SIBOL,Onsite,Main,Birria
1638,2907206,QuesaBirria,2,2/27/2026,12:33:52 PM,109.5,219,UST SIBOL,Onsite,Main,Birria
1639,2907207,QuesaBirria,4,2/27/2026,12:36:25 PM,109.5,438,UST SIBOL,Onsite,Main,Birria
1640,2907208,QuesaBirria,2,2/27/2026,12:38:02 PM,109.5,219,UST SIBOL,Onsite,Main,Birria
1641,2907209,QuesaBirria,1,2/27/2026,12:38:33 PM,119,119,UST SIBOL,Onsite,Main,Birria
1642,2907210,QuesaBirria,1,2/27/2026,12:39:12 PM,119,119,UST SIBOL,Onsite,Main,Birria
1643,2907211,QuesaBirria,1,2/27/2026,12:45:17 PM,119,119,UST SIBOL,Onsite,Main,Birria
1644,2907212,QuesaBirria,2,2/27/2026,12:49:23 PM,109.5,219,UST SIBOL,Onsite,Main,Birria
1645,2907213,QuesaBirria,2,2/27/2026,12:53:27 PM,109.5,219,UST SIBOL,Onsite,Main,Birria
1646,2907214,QuesaBirria,1,2/27/2026,12:54:12 PM,119,119,UST SIBOL,Onsite,Main,Birria
1647,2907215,QuesaBirria,1,2/27/2026,12:54:35 PM,119,119,UST SIBOL,Onsite,Main,Birria
1648,2907216,QuesaBirria,1,2/27/2026,1:00:08 PM,119,119,UST SIBOL,Onsite,Main,Birria
1649,2907217,QuesaBirria,2,2/27/2026,1:00:48 PM,109.5,219,UST SIBOL,Onsite,Main,Birria
1650,2907218,QuesaBirria,1,2/27/2026,1:02:27 PM,119,119,UST SIBOL,Onsite,Main,Birria
1651,2907219,QuesaBirria,1,2/27/2026,1:03:35 PM,119,119,UST SIBOL,Onsite,Main,Birria
1652,2907220,QuesaBirria,2,2/27/2026,1:06:25 PM,109.5,219,UST SIBOL,Onsite,Main,Birria
1653,2907221,QuesaBirria,2,2/27/2026,1:08:06 PM,119,238,UST SIBOL,Onsite,Main,Birria
1654,2907222,QuesaBirria,1,2/27/2026,1:09:47 PM,119,119,UST SIBOL,Onsite,Main,Birria
1655,2907223,QuesaBirria,2,2/27/2026,1:11:21 PM,109.5,219,UST SIBOL,Onsite,Main,Birria
1656,2907224,QuesaBirria,2,2/27/2026,1:12:58 PM,109.5,219,UST SIBOL,Onsite,Main,Birria
1657,2998601,QuesaBirria,2,2/27/2026,1:16:13 PM,119,238,UST SIBOL,Onsite,Main,Birria
1658,2998602,QuesaBirria,2,2/27/2026,2:26:36 PM,109.5,219,UST SIBOL,Onsite,Main,Birria
1659,2998603,QuesaBirria,2,2/27/2026,2:28:07 PM,109.5,219,UST SIBOL,Onsite,Main,Birria
1660,2998604,QuesaBirria,1,2/27/2026,2:37:08 PM,119,119,UST SIBOL,Onsite,Main,Birria
1661,2998605,QuesaBirria,2,2/27/2026,2:40:21 PM,109.5,219,UST SIBOL,Onsite,Main,Birria
1662,2998606,QuesaBirria,2,2/27/2026,2:53:39 PM,109.5,219,UST SIBOL,Onsite,Main,Birria
1663,2998607,QuesaBirria,2,2/27/2026,2:55:44 PM,109.5,219,UST SIBOL,Onsite,Main,Birria
1664,2998608,QuesaBirria,1,2/27/2026,3:14:05 PM,119,119,UST SIBOL,Onsite,Main,Birria
1665,2998609,QuesaBirria,2,2/27/2026,3:22:04 PM,109.5,219,UST SIBOL,Onsite,Main,Birria
1666,2998610,QuesaBirria,2,2/27/2026,3:27:45 PM,109.5,219,UST SIBOL,Onsite,Main,Birria
1667,2998611,QuesaBirria,1,2/27/2026,3:43:48 PM,119,119,UST SIBOL,Onsite,Main,Birria
1668,2998612,QuesaBirria,2,2/27/2026,3:46:08 PM,109.5,219,UST SIBOL,Onsite,Main,Birria
1669,2998613,QuesaBirria,2,2/27/2026,3:52:22 PM,109.5,219,UST SIBOL,Onsite,Main,Birria
1670,2998614,QuesaBirria,2,2/27/2026,4:00:01 PM,109.5,219,UST SIBOL,Onsite,Main,Birria
1671,2998615,QuesaBirria,2,2/27/2026,4:00:49 PM,109.5,219,UST SIBOL,Onsite,Main,Birria
1672,2998616,QuesaBirria,2,2/27/2026,4:01:41 PM,109.5,219,UST SIBOL,Onsite,Main,Birria
1673,2998617,QuesaBirria,2,2/27/2026,4:04:13 PM,109.5,219,UST SIBOL,Onsite,Main,Birria
1674,2998618,QuesaBirria,2,2/27/2026,4:08:38 PM,109.5,219,UST SIBOL,Onsite,Main,Birria
1675,2998619,QuesaBirria,2,2/27/2026,4:18:41 PM,109.5,219,UST SIBOL,Onsite,Main,Birria
1676,2998620,QuesaBirria,2,2/27/2026,4:32:27 PM,109.5,219,UST SIBOL,Onsite,Main,Birria
1677,2998621,QuesaBirria,2,2/27/2026,4:33:17 PM,109.5,219,UST SIBOL,Onsite,Main,Birria
1678,2998622,QuesaBirria,2,2/27/2026,4:34:41 PM,109.5,219,UST SIBOL,Onsite,Main,Birria
1679,2998623,QuesaBirria,1,2/27/2026,4:39:19 PM,119,119,UST SIBOL,Onsite,Main,Birria
1680,2998624,QuesaBirria,1,2/27/2026,4:42:32 PM,119,119,UST SIBOL,Onsite,Main,Birria
1681,2998625,QuesaBirria,1,2/27/2026,4:45:54 PM,119,119,UST SIBOL,Onsite,Main,Birria
1682,2998626,QuesaBirria,2,2/27/2026,4:49:33 PM,109.5,219,UST SIBOL,Onsite,Main,Birria
1683,2998627,QuesaBirria,2,2/27/2026,4:50:01 PM,109.5,219,UST SIBOL,Onsite,Main,Birria
1684,2998628,QuesaBirria,2,2/27/2026,5:08:10 PM,109.5,219,UST SIBOL,Onsite,Main,Birria
1685,2998629,QuesaBirria,1,2/27/2026,5:13:22 PM,119,119,UST SIBOL,Onsite,Main,Birria
1686,2998630,QuesaBirria,2,2/27/2026,5:17:42 PM,109.5,219,UST SIBOL,Onsite,Main,Birria
1687,2998631,QuesaBirria,2,2/27/2026,5:19:02 PM,109.5,219,UST SIBOL,Onsite,Main,Birria
1688,2998632,QuesaBirria,2,2/27/2026,5:30:13 PM,109.5,219,UST SIBOL,Onsite,Main,Birria
1689,2998633,QuesaBirria,2,2/27/2026,5:52:20 PM,109.5,219,UST SIBOL,Onsite,Main,Birria
1690,2998634,QuesaBirria,4,2/27/2026,5:56:11 PM,109.5,438,UST SIBOL,Onsite,Main,Birria
1691,2998635,QuesaBirria,4,2/27/2026,5:57:56 PM,109.5,438,UST SIBOL,Onsite,Main,Birria
1692,2998636,QuesaBirria,2,2/27/2026,5:58:20 PM,109.5,219,UST SIBOL,Onsite,Main,Birria
1693,2998637,QuesaBirria,1,2/27/2026,6:06:43 PM,119,119,UST SIBOL,Onsite,Main,Birria
1694,2998638,QuesaBirria,1,2/27/2026,6:09:13 PM,119,119,UST SIBOL,Onsite,Main,Birria
1695,2998640,QuesaBirria,2,3/2/2026,11:03:25 AM,109.5,219,UST SIBOL,Onsite,Main,Birria
1696,2998641,QuesaBirria,2,3/2/2026,11:21:48 AM,109.5,219,UST SIBOL,Onsite,Main,Birria
1697,2998642,QuesaBirria,2,3/2/2026,11:25:05 AM,109.5,219,UST SIBOL,Onsite,Main,Birria
1698,2998643,QuesaBirria,2,3/2/2026,11:44:45 AM,109.5,219,UST SIBOL,Onsite,Main,Birria
1699,2998644,QuesaBirria,2,3/2/2026,11:46:12 AM,109.5,219,UST SIBOL,Onsite,Main,Birria
1700,2998645,QuesaBirria,2,3/2/2026,11:46:49 AM,109.5,219,UST SIBOL,Onsite,Main,Birria
1701,2998646,QuesaBirria,2,3/2/2026,11:53:11 AM,109.5,219,UST SIBOL,Onsite,Main,Birria
1702,2998647,QuesaBirria,2,3/2/2026,11:56:10 AM,109.5,219,UST SIBOL,Onsite,Main,Birria
1703,2998648,QuesaBirria,2,3/2/2026,12:09:55 PM,109.5,219,UST SIBOL,Onsite,Main,Birria
1704,2998649,QuesaBirria,2,3/2/2026,12:10:53 PM,109.5,219,UST SIBOL,Onsite,Main,Birria
1705,2998650,QuesaBirria,1,3/2/2026,12:13:13 PM,119,119,UST SIBOL,Onsite,Main,Birria
1706,2998651,QuesaBirria,2,3/2/2026,12:17:21 PM,109.5,219,UST SIBOL,Onsite,Main,Birria
1707,2998652,QuesaBirria,2,3/2/2026,12:19:10 PM,109.5,219,UST SIBOL,Onsite,Main,Birria
1708,2998653,QuesaBirria,2,3/2/2026,12:20:30 PM,109.5,219,UST SIBOL,Onsite,Main,Birria
1709,2998654,QuesaBirria,1,3/2/2026,12:23:23 PM,119,119,UST SIBOL,Onsite,Main,Birria
1710,2998655,QuesaBirria,2,3/2/2026,12:27:23 PM,109.5,219,UST SIBOL,Onsite,Main,Birria
1711,2998656,QuesaBirria,1,3/2/2026,12:31:26 PM,119,119,UST SIBOL,Onsite,Main,Birria
1712,2998657,QuesaBirria,1,3/2/2026,12:32:57 PM,119,119,UST SIBOL,Onsite,Main,Birria
1713,2998658,QuesaBirria,1,3/2/2026,12:48:46 PM,119,119,UST SIBOL,Onsite,Main,Birria
1714,2998659,QuesaBirria,1,3/2/2026,12:51:19 PM,119,119,UST SIBOL,Onsite,Main,Birria
1715,2998660,QuesaBirria,2,3/2/2026,1:00:07 PM,109.5,219,UST SIBOL,Onsite,Main,Birria
1716,2998661,QuesaBirria,2,3/2/2026,1:01:09 PM,109.5,219,UST SIBOL,Onsite,Main,Birria
1717,2998662,QuesaBirria,1,3/2/2026,1:05:50 PM,119,119,UST SIBOL,Onsite,Main,Birria
1718,2998663,QuesaBirria,2,3/2/2026,1:10:04 PM,109.5,219,UST SIBOL,Onsite,Main,Birria
1719,2998664,QuesaBirria,2,3/2/2026,1:19:49 PM,109.5,219,UST SIBOL,Onsite,Main,Birria
1720,2998665,QuesaBirria,2,3/2/2026,1:28:27 PM,109.5,219,UST SIBOL,Onsite,Main,Birria
1721,2998666,QuesaBirria,2,3/2/2026,2:06:10 PM,109.5,219,UST SIBOL,Onsite,Main,Birria
1722,2998667,QuesaBirria,2,3/2/2026,2:22:19 PM,109.5,219,UST SIBOL,Onsite,Main,Birria
1723,2998668,QuesaBirria,1,3/2/2026,2:22:58 PM,119,119,UST SIBOL,Onsite,Main,Birria
1724,2998669,QuesaBirria,2,3/2/2026,2:26:29 PM,109.5,219,UST SIBOL,Onsite,Main,Birria
1725,2998670,QuesaBirria,2,3/2/2026,2:35:15 PM,109.5,219,UST SIBOL,Onsite,Main,Birria
1726,2998671,QuesaBirria,2,3/2/2026,2:37:01 PM,109.5,219,UST SIBOL,Onsite,Main,Birria
1727,2998672,QuesaBirria,2,3/2/2026,2:42:44 PM,109.5,219,UST SIBOL,Onsite,Main,Birria
1728,2998673,QuesaBirria,2,3/2/2026,2:57:57 PM,109.5,219,UST SIBOL,Onsite,Main,Birria
1729,2998674,QuesaBirria,1,3/2/2026,2:58:05 PM,119,119,UST SIBOL,Onsite,Main,Birria
1730,2998675,QuesaBirria,2,3/2/2026,3:06:36 PM,109.5,219,UST SIBOL,Onsite,Main,Birria
1731,4171626,QuesaBirria,2,3/2/2026,3:11:20 PM,109.5,219,UST SIBOL,Onsite,Main,Birria
1732,4171627,QuesaBirria,4,3/2/2026,3:23:13 PM,109.5,175.2,UST SIBOL,Onsite,Main,Birria
1733,4171628,QuesaBirria,1,3/2/2026,3:24:47 PM,119,119,UST SIBOL,Onsite,Main,Birria
1734,4171630,QuesaBirria,1,3/2/2026,3:26:44 PM,119,119,UST SIBOL,Onsite,Main,Birria
1735,4171631,QuesaBirria,2,3/2/2026,3:38:02 PM,109.5,219,UST SIBOL,Onsite,Main,Birria
1736,4171632,QuesaBirria,1,3/2/2026,3:57:27 PM,119,119,UST SIBOL,Onsite,Main,Birria
1737,4171633,QuesaBirria,2,3/2/2026,3:58:43 PM,109.5,219,UST SIBOL,Onsite,Main,Birria
1738,4171634,QuesaBirria,2,3/2/2026,4:10:28 PM,109.5,219,UST SIBOL,Onsite,Main,Birria
1739,4171635,QuesaBirria,1,3/2/2026,4:14:06 PM,119,119,UST SIBOL,Onsite,Main,Birria
1740,4171636,QuesaBirria,2,3/2/2026,4:15:22 PM,109.5,219,UST SIBOL,Onsite,Main,Birria
1741,4171637,QuesaBirria,1,3/2/2026,4:18:18 PM,119,119,UST SIBOL,Onsite,Main,Birria
1742,4171638,QuesaBirria,2,3/2/2026,4:22:59 PM,109.5,219,UST SIBOL,Onsite,Main,Birria
1743,4171639,QuesaBirria,2,3/2/2026,4:24:13 PM,109.5,219,UST SIBOL,Onsite,Main,Birria
1744,4171640,QuesaBirria,2,3/2/2026,4:34:37 PM,109.5,175.2,UST SIBOL,Onsite,Main,Birria
1745,4171641,QuesaBirria,1,3/2/2026,4:35:48 PM,119,119,UST SIBOL,Onsite,Main,Birria
1746,4171642,QuesaBirria,1,3/2/2026,4:38:10 PM,119,119,UST SIBOL,Onsite,Main,Birria
1747,4171643,QuesaBirria,2,3/2/2026,4:41:53 PM,109.5,219,UST SIBOL,Onsite,Main,Birria
1748,4171644,QuesaBirria,4,3/2/2026,4:51:21 PM,109.5,438,UST SIBOL,Onsite,Main,Birria
1749,4171645,QuesaBirria,2,3/2/2026,4:53:56 PM,109.5,219,UST SIBOL,Onsite,Main,Birria
1750,4171646,QuesaBirria,2,3/2/2026,4:55:04 PM,109.5,219,UST SIBOL,Onsite,Main,Birria
1751,4171647,QuesaBirria,2,3/2/2026,4:55:15 PM,109.5,219,UST SIBOL,Onsite,Main,Birria
1752,4171648,QuesaBirria,2,3/2/2026,4:57:30 PM,109.5,219,UST SIBOL,Onsite,Main,Birria
1753,4171649,QuesaBirria,2,3/2/2026,5:05:28 PM,109.5,219,UST SIBOL,Onsite,Main,Birria
1754,4171650,QuesaBirria,2,3/2/2026,5:10:16 PM,109.5,219,UST SIBOL,Onsite,Main,Birria
1755,4171651,QuesaBirria,2,3/2/2026,5:16:55 PM,109.5,219,UST SIBOL,Onsite,Main,Birria
1756,4171652,QuesaBirria,2,3/2/2026,5:19:06 PM,109.5,219,UST SIBOL,Onsite,Main,Birria
1757,4171653,QuesaBirria,1,3/2/2026,5:20:36 PM,119,119,UST SIBOL,Onsite,Main,Birria
1758,4171654,QuesaBirria,2,3/2/2026,5:23:05 PM,109.5,219,UST SIBOL,Onsite,Main,Birria
1759,4171655,QuesaBirria,2,3/2/2026,5:26:40 PM,109.5,219,UST SIBOL,Onsite,Main,Birria
1760,4171656,QuesaBirria,2,3/2/2026,5:35:37 PM,109.5,219,UST SIBOL,Onsite,Main,Birria
1761,4171657,QuesaBirria,1,3/2/2026,5:37:08 PM,119,119,UST SIBOL,Onsite,Main,Birria
1762,4171658,QuesaBirria,2,3/3/2026,11:44:50 AM,109.5,219,UST SIBOL,Onsite,Main,Birria
1763,4171659,QuesaBirria,2,3/3/2026,11:58:34 AM,109.5,219,UST SIBOL,Onsite,Main,Birria
1764,4171660,QuesaBirria,1,3/3/2026,12:01:25 PM,119,119,UST SIBOL,Onsite,Main,Birria
1765,4171661,QuesaBirria,2,3/3/2026,12:04:09 PM,109.5,219,UST SIBOL,Onsite,Main,Birria
1766,4171662,QuesaBirria,2,3/3/2026,12:07:10 PM,109.5,219,UST SIBOL,Onsite,Main,Birria
1767,4171663,QuesaBirria,2,3/3/2026,12:09:32 PM,109.5,219,UST SIBOL,Onsite,Main,Birria
1768,4171664,QuesaBirria,1,3/3/2026,12:09:32 PM,119,119,UST SIBOL,Onsite,Main,Birria
1769,4171665,QuesaBirria,2,3/3/2026,12:11:52 PM,109.5,219,UST SIBOL,Onsite,Main,Birria
1770,4171666,QuesaBirria,2,3/3/2026,12:11:52 PM,109.5,219,UST SIBOL,Onsite,Main,Birria
1771,4171667,QuesaBirria,1,3/3/2026,12:12:29 PM,119,119,UST SIBOL,Onsite,Main,Birria
1772,4171668,QuesaBirria,2,3/3/2026,12:12:29 PM,109.5,219,UST SIBOL,Onsite,Main,Birria
1773,4171669,QuesaBirria,2,3/3/2026,12:14:10 PM,109.5,219,UST SIBOL,Onsite,Main,Birria
1774,4171670,QuesaBirria,2,3/3/2026,12:14:10 PM,109.5,219,UST SIBOL,Onsite,Main,Birria
1775,4171671,QuesaBirria,2,3/3/2026,12:17:07 PM,109.5,219,UST SIBOL,Onsite,Main,Birria
1776,4171672,QuesaBirria,2,3/3/2026,12:17:07 PM,109.5,219,UST SIBOL,Onsite,Main,Birria
1777,4171673,QuesaBirria,2,3/3/2026,12:29:11 PM,109.5,219,UST SIBOL,Onsite,Main,Birria
1778,4171674,QuesaBirria,2,3/3/2026,12:29:11 PM,109.5,219,UST SIBOL,Onsite,Main,Birria
1779,4171675,QuesaBirria,1,3/3/2026,12:45:40 PM,119,119,UST SIBOL,Onsite,Main,Birria
1780,4171676,QuesaBirria,2,3/3/2026,12:45:40 PM,109.5,219,UST SIBOL,Onsite,Main,Birria
1781,4171677,QuesaBirria,2,3/3/2026,12:45:46 PM,109.5,219,UST SIBOL,Onsite,Main,Birria
1782,4171678,QuesaBirria,2,3/3/2026,12:45:46 PM,109.5,219,UST SIBOL,Onsite,Main,Birria
1783,4171679,QuesaBirria,4,3/3/2026,12:56:57 PM,109.5,438,UST SIBOL,Onsite,Main,Birria
1784,4171680,QuesaBirria,1,3/3/2026,12:56:57 PM,119,119,UST SIBOL,Onsite,Main,Birria
1785,4171681,QuesaBirria,2,3/3/2026,12:57:24 PM,109.5,219,UST SIBOL,Onsite,Main,Birria
1786,4171682,QuesaBirria,1,3/3/2026,12:59:14 PM,119,119,UST SIBOL,Onsite,Main,Birria
1787,4171683,QuesaBirria,1,3/3/2026,1:02:50 PM,119,119,UST SIBOL,Onsite,Main,Birria
1788,4171684,QuesaBirria,2,3/3/2026,1:04:36 PM,109.5,219,UST SIBOL,Onsite,Main,Birria
1789,4171685,QuesaBirria,2,3/3/2026,1:09:56 PM,109.5,219,UST SIBOL,Onsite,Main,Birria
1790,4171686,QuesaBirria,1,3/3/2026,1:11:19 PM,119,119,UST SIBOL,Onsite,Main,Birria
1791,4171687,QuesaBirria,2,3/3/2026,1:16:50 PM,109.5,219,UST SIBOL,Onsite,Main,Birria
1792,4171688,QuesaBirria,4,3/3/2026,1:21:06 PM,109.5,438,UST SIBOL,Onsite,Main,Birria
1793,4171689,QuesaBirria,2,3/3/2026,1:35:42 PM,109.5,219,UST SIBOL,Onsite,Main,Birria
1794,4171690,QuesaBirria,1,3/3/2026,1:39:50 PM,119,119,UST SIBOL,Onsite,Main,Birria
1795,4171691,QuesaBirria,1,3/3/2026,1:41:24 PM,119,119,UST SIBOL,Onsite,Main,Birria
1796,4171692,QuesaBirria,1,3/3/2026,1:43:38 PM,119,119,UST SIBOL,Onsite,Main,Birria
1797,4171693,QuesaBirria,2,3/3/2026,1:44:07 PM,109.5,219,UST SIBOL,Onsite,Main,Birria
1798,4171694,QuesaBirria,1,3/3/2026,1:48:47 PM,119,119,UST SIBOL,Onsite,Main,Birria
1799,4171695,QuesaBirria,1,3/3/2026,1:53:09 PM,119,119,UST SIBOL,Onsite,Main,Birria
1800,4171696,QuesaBirria,1,3/3/2026,1:58:44 PM,119,119,UST SIBOL,Onsite,Main,Birria
1801,4171697,QuesaBirria,2,3/3/2026,2:02:14 PM,109.5,219,UST SIBOL,Onsite,Main,Birria
1802,4171698,QuesaBirria,1,3/3/2026,2:03:37 PM,119,119,UST SIBOL,Onsite,Main,Birria
1803,4171699,QuesaBirria,2,3/3/2026,2:08:37 PM,109.5,219,UST SIBOL,Onsite,Main,Birria
1804,4172700,QuesaBirria,1,3/3/2026,2:14:08 PM,119,119,UST SIBOL,Onsite,Main,Birria
1805,4172726,QuesaBirria,2,3/3/2026,2:17:03 PM,109.5,219,UST SIBOL,Onsite,Main,Birria
1806,4172727,QuesaBirria,1,3/3/2026,2:25:54 PM,119,119,UST SIBOL,Onsite,Main,Birria
1807,4172728,QuesaBirria,2,3/3/2026,2:29:32 PM,109.5,219,UST SIBOL,Onsite,Main,Birria
1808,4172729,QuesaBirria,2,3/3/2026,2:32:48 PM,109.5,219,UST SIBOL,Onsite,Main,Birria
1809,4172730,QuesaBirria,2,3/3/2026,2:35:25 PM,109.5,219,UST SIBOL,Onsite,Main,Birria
1810,4172731,QuesaBirria,2,3/3/2026,2:38:25 PM,109.5,219,UST SIBOL,Onsite,Main,Birria
1811,4172732,QuesaBirria,2,3/3/2026,2:42:25 PM,109.5,219,UST SIBOL,Onsite,Main,Birria
1812,4172733,QuesaBirria,2,3/3/2026,2:44:13 PM,109.5,219,UST SIBOL,Onsite,Main,Birria
1813,4172734,QuesaBirria,2,3/3/2026,2:47:19 PM,109.5,219,UST SIBOL,Onsite,Main,Birria
1814,4172735,QuesaBirria,2,3/3/2026,2:55:58 PM,109.5,219,UST SIBOL,Onsite,Main,Birria
1815,4172736,QuesaBirria,2,3/3/2026,3:02:42 PM,109.5,219,UST SIBOL,Onsite,Main,Birria
1816,4172737,QuesaBirria,2,3/3/2026,3:06:51 PM,109.5,219,UST SIBOL,Onsite,Main,Birria
1817,4172738,QuesaBirria,2,3/3/2026,3:10:43 PM,109.5,219,UST SIBOL,Onsite,Main,Birria
1818,4172739,QuesaBirria,1,3/3/2026,3:14:41 PM,119,119,UST SIBOL,Onsite,Main,Birria
1819,4172740,QuesaBirria,4,3/3/2026,3:18:51 PM,109.5,438,UST SIBOL,Onsite,Main,Birria
1820,4172741,QuesaBirria,1,3/3/2026,3:22:58 PM,119,119,UST SIBOL,Onsite,Main,Birria
1821,4172742,QuesaBirria,1,3/3/2026,3:26:07 PM,119,119,UST SIBOL,Onsite,Main,Birria
1822,4172743,QuesaBirria,2,3/3/2026,3:38:59 PM,109.5,219,UST SIBOL,Onsite,Main,Birria
1823,4172744,QuesaBirria,2,3/3/2026,3:40:53 PM,109.5,219,UST SIBOL,Onsite,Main,Birria
1824,4172745,QuesaBirria,2,3/3/2026,3:44:52 PM,109.5,219,UST SIBOL,Onsite,Main,Birria
1825,4172746,QuesaBirria,4,3/3/2026,3:48:48 PM,109.5,438,UST SIBOL,Onsite,Main,Birria
1826,4172747,QuesaBirria,1,3/3/2026,3:51:50 PM,119,119,UST SIBOL,Onsite,Main,Birria
1827,4172748,QuesaBirria,2,3/3/2026,3:53:03 PM,109.5,219,UST SIBOL,Onsite,Main,Birria
1828,4172749,QuesaBirria,2,3/3/2026,3:53:56 PM,109.5,219,UST SIBOL,Onsite,Main,Birria
1829,4172750,QuesaBirria,8,3/3/2026,3:54:49 PM,109.5,876,UST SIBOL,Onsite,Main,Birria
1830,4172751,QuesaBirria,4,3/24/2026,12:18:50 PM,109.5,438,UST COMACH,Onsite,Main,Birria
1831,4172752,QuesaBirria,2,3/24/2026,12:19:04 PM,109.5,219,UST COMACH,Onsite,Main,Birria
1832,4172753,QuesaBirria,1,3/24/2026,12:19:14 PM,119,119,UST COMACH,Onsite,Main,Birria
1833,4172754,QuesaBirria,2,3/24/2026,12:19:24 PM,109.5,219,UST COMACH,Onsite,Main,Birria
1834,4172755,QuesaBirria,2,3/24/2026,12:19:35 PM,109.5,219,UST COMACH,Onsite,Main,Birria
1835,4172756,QuesaBirria,2,3/24/2026,12:36:26 PM,109.5,219,UST COMACH,Onsite,Main,Birria
1836,4172757,QuesaBirria,2,3/24/2026,12:38:48 PM,109.5,219,UST COMACH,Onsite,Main,Birria
1837,4172758,QuesaBirria,2,3/24/2026,1:08:52 PM,109.5,219,UST COMACH,Onsite,Main,Birria
1838,4172759,QuesaBirria,2,3/24/2026,1:09:12 PM,109.5,219,UST COMACH,Onsite,Main,Birria
1839,4172760,QuesaBirria,2,3/24/2026,1:10:25 PM,109.5,219,UST COMACH,Onsite,Main,Birria
1840,4172761,QuesaBirria,1,3/24/2026,1:11:24 PM,119,119,UST COMACH,Onsite,Main,Birria
1841,4172762,QuesaBirria,2,3/24/2026,1:12:10 PM,109.5,219,UST COMACH,Onsite,Main,Birria
1842,4172763,QuesaBirria,2,3/24/2026,1:13:31 PM,109.5,219,UST COMACH,Onsite,Main,Birria
1843,4172764,QuesaBirria,2,3/24/2026,1:14:43 PM,109.5,219,UST COMACH,Onsite,Main,Birria
1844,4172765,QuesaBirria,2,3/24/2026,1:19:13 PM,109.5,219,UST COMACH,Onsite,Main,Birria
1845,4172766,QuesaBirria,2,3/24/2026,1:23:28 PM,109.5,219,UST COMACH,Onsite,Main,Birria
1846,4172767,QuesaBirria,2,3/24/2026,1:25:01 PM,109.5,219,UST COMACH,Onsite,Main,Birria
1847,4172768,QuesaBirria,4,3/24/2026,1:33:17 PM,109.5,438,UST COMACH,Onsite,Main,Birria
1848,4172769,QuesaBirria,2,3/24/2026,1:52:44 PM,109.5,219,UST COMACH,Onsite,Main,Birria
1849,4172770,QuesaBirria,1,3/24/2026,2:17:40 PM,119,119,UST COMACH,Onsite,Main,Birria
1850,4172771,QuesaBirria,2,3/24/2026,2:20:45 PM,109.5,219,UST COMACH,Onsite,Main,Birria
1851,4172772,QuesaBirria,1,3/24/2026,2:30:14 PM,119,119,UST COMACH,Onsite,Main,Birria
1852,4172773,QuesaBirria,1,3/24/2026,2:32:04 PM,119,119,UST COMACH,Onsite,Main,Birria
1853,4172774,QuesaBirria,2,3/24/2026,2:32:04 PM,109.5,219,UST COMACH,Onsite,Main,Birria
1854,4172775,QuesaBirria,2,3/24/2026,2:35:58 PM,109.5,219,UST COMACH,Onsite,Main,Birria
1855,4172776,QuesaBirria,5,3/24/2026,2:38:33 PM,111.4,557,UST COMACH,Onsite,Main,Birria
1856,4172777,QuesaBirria,2,3/24/2026,2:39:54 PM,109.5,219,UST COMACH,Onsite,Main,Birria
1857,4172778,QuesaBirria,2,3/24/2026,2:41:48 PM,109.5,219,UST COMACH,Onsite,Main,Birria
1858,4172779,QuesaBirria,4,3/24/2026,2:47:34 PM,109.5,438,UST COMACH,Onsite,Main,Birria
1859,4172780,QuesaBirria,2,3/24/2026,2:51:09 PM,109.5,219,UST COMACH,Onsite,Main,Birria
1860,4172781,QuesaBirria,2,3/24/2026,3:20:37 PM,109.5,219,UST COMACH,Onsite,Main,Birria
1861,4172782,QuesaBirria,2,3/24/2026,3:32:23 PM,109.5,219,UST COMACH,Onsite,Main,Birria
1862,4172783,QuesaBirria,2,3/24/2026,3:33:24 PM,109.5,219,UST COMACH,Onsite,Main,Birria
1863,4172784,QuesaBirria,2,3/24/2026,3:34:44 PM,109.5,219,UST COMACH,Onsite,Main,Birria
1864,4172785,QuesaBirria,2,3/24/2026,3:35:11 PM,109.5,219,UST COMACH,Onsite,Main,Birria
1865,4172786,QuesaBirria,2,3/24/2026,3:49:15 PM,109.5,219,UST COMACH,Onsite,Main,Birria
1866,4172787,QuesaBirria,2,3/24/2026,4:00:31 PM,109.5,219,UST COMACH,Onsite,Main,Birria
1867,4172788,QuesaBirria,2,3/24/2026,4:18:21 PM,109.5,219,UST COMACH,Onsite,Main,Birria
1868,4172789,QuesaBirria,2,3/24/2026,4:40:38 PM,109.5,219,UST COMACH,Onsite,Main,Birria
1869,4172790,QuesaBirria,2,3/24/2026,4:56:02 PM,109.5,219,UST COMACH,Onsite,Main,Birria
1870,4172791,QuesaBirria,3,3/24/2026,5:19:32 PM,93,279,UST COMACH,Onsite,Main,Birria
1871,4172792,QuesaBirria,2,3/24/2026,5:19:39 PM,109.5,219,UST COMACH,Onsite,Main,Birria
1872,4172793,QuesaBirria,2,3/24/2026,5:19:46 PM,109.5,219,UST COMACH,Onsite,Main,Birria
1873,4172794,QuesaBirria,4,3/24/2026,5:19:55 PM,109.5,438,UST COMACH,Onsite,Main,Birria
1874,4172795,QuesaBirria,2,3/24/2026,5:22:19 PM,109.5,219,UST COMACH,Onsite,Main,Birria
1875,4172796,QuesaBirria,2,3/24/2026,5:27:08 PM,109.5,219,UST COMACH,Onsite,Main,Birria
1876,4172797,QuesaBirria,4,3/24/2026,5:28:02 PM,109.5,438,UST COMACH,Onsite,Main,Birria
1877,4172798,QuesaBirria,4,3/24/2026,5:28:45 PM,109.5,438,UST COMACH,Onsite,Main,Birria
1878,4173802,QuesaBirria,4,3/25/2026,3:56:05 PM,109.5,438,UST JPIA,Onsite,Main,Birria
1879,4173803,QuesaBirria,2,3/25/2026,4:00:01 PM,109.5,219,UST JPIA,Onsite,Main,Birria
1880,4173804,QuesaBirria,2,3/25/2026,4:08:36 PM,109.5,219,UST JPIA,Onsite,Main,Birria
1881,4173805,QuesaBirria,2,3/25/2026,4:19:11 PM,109.5,219,UST JPIA,Onsite,Main,Birria
1882,4173806,QuesaBirria,1,3/25/2026,4:19:20 PM,119,119,UST JPIA,Onsite,Main,Birria
1883,4173807,QuesaBirria,1,3/25/2026,4:27:04 PM,119,119,UST JPIA,Onsite,Main,Birria
1884,4173808,QuesaBirria,2,3/25/2026,4:27:39 PM,109.5,219,UST JPIA,Onsite,Main,Birria
1885,4173809,QuesaBirria,3,3/25/2026,4:30:11 PM,93,279,UST JPIA,Onsite,Main,Birria
1886,4173810,QuesaBirria,1,3/25/2026,4:33:28 PM,119,119,UST JPIA,Onsite,Main,Birria
1887,4173811,QuesaBirria,2,3/25/2026,4:45:01 PM,109.5,219,UST JPIA,Onsite,Main,Birria
1888,4173812,QuesaBirria,2,3/25/2026,4:47:57 PM,109.5,219,UST JPIA,Onsite,Main,Birria
1889,4173813,QuesaBirria,1,3/25/2026,4:52:57 PM,119,119,UST JPIA,Onsite,Main,Birria
1890,4173814,QuesaBirria,1,3/25/2026,4:56:54 PM,119,119,UST JPIA,Onsite,Main,Birria
1891,4173815,QuesaBirria,2,3/25/2026,4:57:53 PM,109.5,219,UST JPIA,Onsite,Main,Birria
1892,4173816,QuesaBirria,1,3/25/2026,5:07:57 PM,119,119,UST JPIA,Onsite,Main,Birria
1893,4173817,QuesaBirria,4,3/25/2026,5:18:05 PM,109.5,438,UST JPIA,Onsite,Main,Birria
1894,4173818,QuesaBirria,4,3/25/2026,5:23:02 PM,109.5,438,UST JPIA,Onsite,Main,Birria
1895,4173819,QuesaBirria,2,3/25/2026,5:27:08 PM,109.5,219,UST JPIA,Onsite,Main,Birria
1896,4173820,QuesaBirria,2,3/25/2026,5:28:02 PM,109.5,219,UST JPIA,Onsite,Main,Birria
1897,4173821,QuesaBirria,2,3/25/2026,5:28:45 PM,109.5,219,UST JPIA,Onsite,Main,Birria
1898,4173822,QuesaBirria,4,3/25/2026,5:30:13 PM,109.5,438,UST JPIA,Onsite,Main,Birria
1899,4173823,QuesaBirria,4,3/25/2026,5:43:29 PM,109.5,438,UST JPIA,Onsite,Main,Birria
1900,4173824,QuesaBirria,2,3/25/2026,5:56:22 PM,119,238,UST JPIA,Onsite,Main,Birria
1901,4177201,QuesaBirria,2,3/25/2026,12:18:50 PM,109.5,219,UST COMACH,Onsite,Main,Birria
1902,4177202,QuesaBirria,3,3/25/2026,12:19:04 PM,93,279,UST COMACH,Onsite,Main,Birria
1903,4177203,QuesaBirria,2,3/25/2026,12:19:14 PM,109.5,219,UST COMACH,Onsite,Main,Birria
1904,4177204,QuesaBirria,2,3/25/2026,12:19:24 PM,109.5,219,UST COMACH,Onsite,Main,Birria
1905,4177205,QuesaBirria,2,3/25/2026,12:19:35 PM,109.5,219,UST COMACH,Onsite,Main,Birria
1906,4177206,QuesaBirria,2,3/25/2026,12:36:26 PM,109.5,219,UST COMACH,Onsite,Main,Birria
1907,4177207,QuesaBirria,2,3/25/2026,12:38:48 PM,109.5,219,UST COMACH,Onsite,Main,Birria
1908,4177208,QuesaBirria,2,3/25/2026,1:08:52 PM,109.5,219,UST COMACH,Onsite,Main,Birria
1909,4177209,QuesaBirria,3,3/25/2026,1:09:12 PM,93,279,UST COMACH,Onsite,Main,Birria
1910,4177210,QuesaBirria,3,3/25/2026,1:10:25 PM,93,279,UST COMACH,Onsite,Main,Birria
1911,4177211,QuesaBirria,2,3/25/2026,1:11:24 PM,109.5,219,UST COMACH,Onsite,Main,Birria
1912,4177212,QuesaBirria,3,3/25/2026,1:12:10 PM,93,279,UST COMACH,Onsite,Main,Birria
1913,4177213,QuesaBirria,2,3/25/2026,1:13:31 PM,109.5,219,UST COMACH,Onsite,Main,Birria
1914,4177214,QuesaBirria,2,3/25/2026,1:14:43 PM,109.5,219,UST COMACH,Onsite,Main,Birria
1915,4177215,QuesaBirria,1,3/25/2026,1:19:13 PM,119,119,UST COMACH,Onsite,Main,Birria
1916,4177216,QuesaBirria,1,3/25/2026,1:23:28 PM,119,119,UST COMACH,Onsite,Main,Birria
1917,4177217,QuesaBirria,2,3/25/2026,1:25:01 PM,109.5,219,UST COMACH,Onsite,Main,Birria
1918,4177218,QuesaBirria,2,3/25/2026,1:33:17 PM,109.5,219,UST COMACH,Onsite,Main,Birria
1919,4177219,QuesaBirria,1,3/25/2026,1:52:44 PM,119,119,UST COMACH,Onsite,Main,Birria
1920,4177220,QuesaBirria,2,3/25/2026,2:24:09 PM,109.5,219,UST COMACH,Onsite,Main,Birria
1921,4177221,QuesaBirria,2,3/25/2026,2:30:41 PM,109.5,219,UST COMACH,Onsite,Main,Birria
1922,4177222,QuesaBirria,2,3/25/2026,2:30:41 PM,109.5,219,UST COMACH,Onsite,Main,Birria
1923,4177223,QuesaBirria,2,3/25/2026,2:44:26 PM,109.5,219,UST COMACH,Onsite,Main,Birria
1924,4177224,QuesaBirria,2,3/25/2026,2:46:12 PM,109.5,219,UST COMACH,Onsite,Main,Birria
1925,4177225,QuesaBirria,2,3/25/2026,2:47:25 PM,109.5,219,UST COMACH,Onsite,Main,Birria
1926,4177226,QuesaBirria,2,3/25/2026,2:52:17 PM,109.5,219,UST COMACH,Onsite,Main,Birria
1927,4177227,QuesaBirria,3,3/25/2026,3:09:25 PM,93,279,UST COMACH,Onsite,Main,Birria
1928,4177228,QuesaBirria,2,3/25/2026,3:24:08 PM,109.5,219,UST COMACH,Onsite,Main,Birria
1929,4177229,QuesaBirria,3,3/25/2026,3:47:18 PM,93,279,UST COMACH,Onsite,Main,Birria
1930,4177230,QuesaBirria,3,3/25/2026,4:08:11 PM,93,279,UST COMACH,Onsite,Main,Birria
1931,4177231,QuesaBirria,3,3/25/2026,4:22:48 PM,93,279,UST COMACH,Onsite,Main,Birria
1932,4177232,QuesaBirria,2,3/25/2026,4:37:39 PM,109.5,219,UST COMACH,Onsite,Main,Birria
1933,4177233,QuesaBirria,2,3/25/2026,4:44:44 PM,109.5,219,UST COMACH,Onsite,Main,Birria
1934,4177234,QuesaBirria,2,3/25/2026,4:46:14 PM,109.5,219,UST COMACH,Onsite,Main,Birria
1935,4177235,QuesaBirria,3,3/25/2026,4:50:54 PM,93,279,UST COMACH,Onsite,Main,Birria
1936,4177236,QuesaBirria,3,3/25/2026,4:54:57 PM,93,279,UST COMACH,Onsite,Main,Birria
1937,4177237,QuesaBirria,3,3/25/2026,4:58:32 PM,93,279,UST COMACH,Onsite,Main,Birria
1938,4177238,QuesaBirria,2,3/25/2026,5:03:05 PM,109.5,219,UST COMACH,Onsite,Main,Birria
1939,4177239,QuesaBirria,6,3/25/2026,5:03:51 PM,109.5,657,UST COMACH,Onsite,Main,Birria
1940,4177240,QuesaBirria,2,3/25/2026,5:09:12 PM,109.5,219,UST COMACH,Onsite,Main,Birria
1941,4177241,QuesaBirria,6,3/25/2026,5:11:36 PM,93,558,UST COMACH,Onsite,Main,Birria
1942,4177243,QuesaBirria,3,3/25/2026,5:21:40 PM,93,279,UST COMACH,Onsite,Main,Birria
1943,4177244,QuesaBirria,1,3/25/2026,5:28:10 PM,119,119,UST COMACH,Onsite,Main,Birria
1944,4177245,QuesaBirria,2,3/25/2026,5:31:38 PM,109.5,219,UST COMACH,Onsite,Main,Birria
1945,4177246,QuesaBirria,2,3/25/2026,5:36:36 PM,109.5,219,UST COMACH,Onsite,Main,Birria
1946,4177247,QuesaBirria,1,3/25/2026,6:10:20 PM,119,119,UST COMACH,Onsite,Main,Birria
1947,4177248,QuesaBirria,2,3/25/2026,6:13:01 PM,109.5,175.2,UST COMACH,Onsite,Main,Birria
1948,4177249,QuesaBirria,2,3/25/2026,6:25:34 PM,109.5,219,UST COMACH,Onsite,Main,Birria
1949,4177250,QuesaBirria,2,3/25/2026,6:42:42 PM,109.5,219,UST COMACH,Onsite,Main,Birria
1950,4172799,QuesaBirria,200,4/12/2026,1:47:30 PM,100,20000,Birthday Bulk Order,Onsite,Main,Birria
